{
  "type": "FeatureCollection",
  "features": [
    {
      "type": "Feature",
      "geometry": {
        "type": "LineString",
        "coordinates": [
          [
            -3.68882,
            40.46667
          ],
          [
            -3.68869,
            40.46664
          ],
          [
            -3.68871,
            40.46657
          ],
          [
            -3.68875,
            40.46647
          ],
          [
            -3.68875,
            40.46646
          ],
          [
            -3.68879,
            40.46634
          ],
          [
            -3.68875,
            40.46629
          ],
          [
            -3.68872,
            40.46625
          ],
          [
            -3.6887,
            40.46616
          ],
          [
            -3.68869,
            40.46616
          ],
          [
            -3.68868,
            40.46613
          ],
          [
            -3.68865,
            40.46602
          ],
          [
            -3.68866,
            40.46599
          ],
          [
            -3.68866,
            40.46596
          ],
          [
            -3.68866,
            40.46593
          ],
          [
            -3.68867,
            40.4659
          ],
          [
            -3.68868,
            40.46588
          ],
          [
            -3.68869,
            40.46585
          ],
          [
            -3.6887,
            40.46582
          ],
          [
            -3.68873,
            40.46578
          ],
          [
            -3.68876,
            40.46574
          ],
          [
            -3.68879,
            40.4657
          ],
          [
            -3.68884,
            40.46566
          ],
          [
            -3.68887,
            40.46563
          ],
          [
            -3.68894,
            40.46559
          ],
          [
            -3.68895,
            40.46551
          ],
          [
            -3.68896,
            40.46543
          ],
          [
            -3.68896,
            40.46538
          ],
          [
            -3.68897,
            40.46527
          ],
          [
            -3.68896,
            40.46513
          ],
          [
            -3.68896,
            40.46485
          ],
          [
            -3.68897,
            40.46474
          ],
          [
            -3.68897,
            40.46412
          ],
          [
            -3.68895,
            40.46401
          ],
          [
            -3.68895,
            40.46394
          ],
          [
            -3.68895,
            40.46393
          ],
          [
            -3.68894,
            40.46388
          ],
          [
            -3.68894,
            40.46379
          ],
          [
            -3.68894,
            40.46372
          ],
          [
            -3.68895,
            40.46358
          ],
          [
            -3.68899,
            40.46346
          ],
          [
            -3.68895,
            40.46346
          ],
          [
            -3.68895,
            40.46335
          ],
          [
            -3.68899,
            40.46335
          ],
          [
            -3.68898,
            40.46321
          ],
          [
            -3.68901,
            40.46286
          ],
          [
            -3.68902,
            40.46273
          ],
          [
            -3.68903,
            40.46263
          ],
          [
            -3.68904,
            40.46253
          ],
          [
            -3.68906,
            40.46234
          ],
          [
            -3.6891,
            40.4622
          ],
          [
            -3.68908,
            40.46212
          ],
          [
            -3.6891,
            40.46203
          ],
          [
            -3.68907,
            40.46203
          ],
          [
            -3.68909,
            40.46189
          ],
          [
            -3.68912,
            40.46189
          ],
          [
            -3.68914,
            40.46184
          ],
          [
            -3.68913,
            40.46177
          ],
          [
            -3.68916,
            40.46142
          ],
          [
            -3.68917,
            40.46133
          ],
          [
            -3.68919,
            40.46108
          ],
          [
            -3.68923,
            40.46063
          ],
          [
            -3.68921,
            40.46063
          ],
          [
            -3.68921,
            40.46062
          ],
          [
            -3.68921,
            40.46046
          ],
          [
            -3.68924,
            40.46046
          ],
          [
            -3.68928,
            40.46006
          ],
          [
            -3.68932,
            40.45961
          ],
          [
            -3.68932,
            40.45955
          ],
          [
            -3.68932,
            40.45952
          ],
          [
            -3.68936,
            40.45945
          ],
          [
            -3.68945,
            40.45946
          ],
          [
            -3.68945,
            40.45943
          ],
          [
            -3.68946,
            40.45941
          ],
          [
            -3.68949,
            40.45943
          ],
          [
            -3.68954,
            40.45947
          ],
          [
            -3.68959,
            40.4595
          ],
          [
            -3.68964,
            40.45952
          ],
          [
            -3.6897,
            40.45955
          ],
          [
            -3.68973,
            40.45956
          ],
          [
            -3.68979,
            40.45956
          ],
          [
            -3.68983,
            40.45956
          ],
          [
            -3.68982,
            40.4596
          ],
          [
            -3.68995,
            40.45961
          ],
          [
            -3.68996,
            40.45951
          ],
          [
            -3.68998,
            40.45951
          ],
          [
            -3.68996,
            40.4597
          ],
          [
            -3.69009,
            40.45969
          ],
          [
            -3.6901,
            40.45958
          ],
          [
            -3.69013,
            40.45957
          ],
          [
            -3.69012,
            40.45972
          ],
          [
            -3.69017,
            40.45972
          ],
          [
            -3.69018,
            40.45963
          ],
          [
            -3.69022,
            40.45962
          ],
          [
            -3.69029,
            40.45961
          ],
          [
            -3.69031,
            40.4596
          ],
          [
            -3.69031,
            40.45962
          ],
          [
            -3.69031,
            40.45964
          ],
          [
            -3.69034,
            40.45963
          ],
          [
            -3.69045,
            40.4596
          ],
          [
            -3.69045,
            40.45959
          ],
          [
            -3.69055,
            40.45952
          ],
          [
            -3.69058,
            40.45951
          ],
          [
            -3.69061,
            40.45948
          ],
          [
            -3.69065,
            40.45945
          ],
          [
            -3.6907,
            40.4594
          ],
          [
            -3.69074,
            40.45935
          ],
          [
            -3.69077,
            40.45931
          ],
          [
            -3.6908,
            40.45925
          ],
          [
            -3.69081,
            40.45923
          ],
          [
            -3.69082,
            40.45923
          ],
          [
            -3.69085,
            40.45898
          ],
          [
            -3.69085,
            40.45895
          ],
          [
            -3.69082,
            40.45895
          ],
          [
            -3.69082,
            40.45893
          ],
          [
            -3.6908,
            40.45888
          ],
          [
            -3.69078,
            40.45882
          ],
          [
            -3.69076,
            40.45877
          ],
          [
            -3.69072,
            40.45872
          ],
          [
            -3.69064,
            40.45869
          ],
          [
            -3.69061,
            40.45866
          ],
          [
            -3.6906,
            40.45865
          ],
          [
            -3.69059,
            40.45864
          ],
          [
            -3.69059,
            40.45861
          ],
          [
            -3.69053,
            40.4586
          ],
          [
            -3.69046,
            40.45859
          ],
          [
            -3.69045,
            40.45851
          ],
          [
            -3.69046,
            40.45838
          ],
          [
            -3.69047,
            40.45835
          ],
          [
            -3.69053,
            40.45772
          ],
          [
            -3.69053,
            40.45767
          ],
          [
            -3.69052,
            40.45753
          ],
          [
            -3.69059,
            40.45653
          ],
          [
            -3.69063,
            40.45643
          ],
          [
            -3.69065,
            40.45643
          ],
          [
            -3.69073,
            40.45643
          ],
          [
            -3.69074,
            40.45642
          ],
          [
            -3.69074,
            40.45635
          ],
          [
            -3.69087,
            40.45626
          ],
          [
            -3.69088,
            40.45626
          ],
          [
            -3.69089,
            40.45623
          ],
          [
            -3.69089,
            40.45616
          ],
          [
            -3.6908,
            40.4562
          ],
          [
            -3.69075,
            40.45624
          ],
          [
            -3.69076,
            40.45609
          ],
          [
            -3.69081,
            40.45613
          ],
          [
            -3.69086,
            40.45616
          ],
          [
            -3.69089,
            40.45617
          ],
          [
            -3.6909,
            40.4561
          ],
          [
            -3.6909,
            40.45609
          ],
          [
            -3.69088,
            40.45607
          ],
          [
            -3.69084,
            40.45604
          ],
          [
            -3.69079,
            40.45599
          ],
          [
            -3.69078,
            40.45598
          ],
          [
            -3.69079,
            40.4559
          ],
          [
            -3.6907,
            40.45587
          ],
          [
            -3.69069,
            40.45577
          ],
          [
            -3.69071,
            40.45549
          ],
          [
            -3.69073,
            40.45538
          ],
          [
            -3.69076,
            40.45499
          ],
          [
            -3.69072,
            40.45486
          ],
          [
            -3.69076,
            40.45446
          ],
          [
            -3.69086,
            40.45435
          ],
          [
            -3.69083,
            40.4543
          ],
          [
            -3.69086,
            40.45395
          ],
          [
            -3.69097,
            40.45286
          ],
          [
            -3.69099,
            40.45276
          ],
          [
            -3.69099,
            40.45271
          ],
          [
            -3.69094,
            40.4526
          ],
          [
            -3.69106,
            40.45257
          ],
          [
            -3.69114,
            40.4525
          ],
          [
            -3.69118,
            40.45247
          ],
          [
            -3.69122,
            40.45244
          ],
          [
            -3.69125,
            40.45241
          ],
          [
            -3.69129,
            40.45237
          ],
          [
            -3.69131,
            40.45233
          ],
          [
            -3.6914,
            40.45231
          ],
          [
            -3.69145,
            40.4523
          ],
          [
            -3.6915,
            40.45229
          ],
          [
            -3.69159,
            40.4523
          ],
          [
            -3.69174,
            40.4523
          ],
          [
            -3.69188,
            40.45234
          ],
          [
            -3.69206,
            40.45235
          ],
          [
            -3.69214,
            40.45236
          ],
          [
            -3.69226,
            40.45236
          ],
          [
            -3.69231,
            40.45236
          ],
          [
            -3.69242,
            40.45238
          ],
          [
            -3.69244,
            40.45238
          ],
          [
            -3.69245,
            40.45239
          ],
          [
            -3.69247,
            40.4524
          ],
          [
            -3.6925,
            40.45242
          ],
          [
            -3.69259,
            40.45235
          ],
          [
            -3.69263,
            40.45238
          ],
          [
            -3.69263,
            40.45236
          ],
          [
            -3.69264,
            40.45233
          ],
          [
            -3.69265,
            40.45232
          ],
          [
            -3.69261,
            40.45232
          ],
          [
            -3.69263,
            40.45214
          ],
          [
            -3.69263,
            40.45208
          ],
          [
            -3.6925,
            40.45211
          ],
          [
            -3.69228,
            40.4521
          ],
          [
            -3.69223,
            40.45209
          ],
          [
            -3.69215,
            40.45208
          ],
          [
            -3.69211,
            40.45208
          ],
          [
            -3.69208,
            40.45198
          ],
          [
            -3.69207,
            40.45198
          ],
          [
            -3.69207,
            40.45197
          ],
          [
            -3.69205,
            40.45189
          ],
          [
            -3.69202,
            40.45181
          ],
          [
            -3.69202,
            40.4518
          ],
          [
            -3.692,
            40.45174
          ],
          [
            -3.69199,
            40.45169
          ],
          [
            -3.69198,
            40.45163
          ],
          [
            -3.69198,
            40.45162
          ],
          [
            -3.69197,
            40.45157
          ],
          [
            -3.69196,
            40.45152
          ],
          [
            -3.69197,
            40.45147
          ],
          [
            -3.69197,
            40.45145
          ],
          [
            -3.69198,
            40.45139
          ],
          [
            -3.692,
            40.45107
          ],
          [
            -3.69201,
            40.45102
          ],
          [
            -3.69202,
            40.45084
          ],
          [
            -3.69203,
            40.45075
          ],
          [
            -3.69203,
            40.45074
          ],
          [
            -3.69204,
            40.45073
          ],
          [
            -3.69205,
            40.45072
          ],
          [
            -3.69206,
            40.45072
          ],
          [
            -3.69207,
            40.45072
          ],
          [
            -3.69215,
            40.45073
          ],
          [
            -3.69216,
            40.45066
          ],
          [
            -3.69238,
            40.45066
          ],
          [
            -3.69244,
            40.45067
          ],
          [
            -3.69245,
            40.45066
          ],
          [
            -3.69247,
            40.45066
          ],
          [
            -3.69248,
            40.45064
          ],
          [
            -3.69249,
            40.45063
          ],
          [
            -3.69249,
            40.45061
          ],
          [
            -3.6925,
            40.45058
          ],
          [
            -3.69228,
            40.45056
          ],
          [
            -3.69227,
            40.45056
          ],
          [
            -3.69226,
            40.45055
          ],
          [
            -3.69226,
            40.45054
          ],
          [
            -3.69226,
            40.45052
          ],
          [
            -3.69226,
            40.45039
          ],
          [
            -3.69227,
            40.45038
          ],
          [
            -3.69228,
            40.45038
          ],
          [
            -3.69229,
            40.45038
          ],
          [
            -3.69234,
            40.45038
          ],
          [
            -3.69239,
            40.45038
          ],
          [
            -3.69246,
            40.45039
          ],
          [
            -3.69249,
            40.45039
          ],
          [
            -3.69252,
            40.45039
          ],
          [
            -3.69254,
            40.45039
          ],
          [
            -3.69255,
            40.45039
          ],
          [
            -3.69255,
            40.45038
          ],
          [
            -3.69257,
            40.45025
          ],
          [
            -3.6926,
            40.44991
          ],
          [
            -3.69264,
            40.44992
          ],
          [
            -3.69272,
            40.44993
          ],
          [
            -3.69273,
            40.44981
          ],
          [
            -3.6929,
            40.44981
          ],
          [
            -3.69302,
            40.44982
          ],
          [
            -3.69316,
            40.44982
          ],
          [
            -3.69317,
            40.44969
          ],
          [
            -3.69358,
            40.4497
          ],
          [
            -3.6936,
            40.44946
          ],
          [
            -3.69358,
            40.44941
          ],
          [
            -3.69372,
            40.44942
          ],
          [
            -3.69373,
            40.44942
          ],
          [
            -3.69388,
            40.44943
          ],
          [
            -3.694,
            40.44944
          ],
          [
            -3.694,
            40.44947
          ],
          [
            -3.6941,
            40.44948
          ],
          [
            -3.69436,
            40.44949
          ],
          [
            -3.69441,
            40.44949
          ],
          [
            -3.69455,
            40.4495
          ],
          [
            -3.69479,
            40.44951
          ],
          [
            -3.69503,
            40.44952
          ],
          [
            -3.69509,
            40.44952
          ],
          [
            -3.6951,
            40.44945
          ],
          [
            -3.69511,
            40.44936
          ],
          [
            -3.69512,
            40.44928
          ],
          [
            -3.69512,
            40.44917
          ],
          [
            -3.69519,
            40.4485
          ],
          [
            -3.69524,
            40.44811
          ],
          [
            -3.69527,
            40.44798
          ],
          [
            -3.69527,
            40.44794
          ],
          [
            -3.69528,
            40.44786
          ],
          [
            -3.6953,
            40.44773
          ],
          [
            -3.69534,
            40.44735
          ],
          [
            -3.69533,
            40.44723
          ],
          [
            -3.69536,
            40.44703
          ],
          [
            -3.69537,
            40.44692
          ],
          [
            -3.69538,
            40.44683
          ],
          [
            -3.69539,
            40.44676
          ],
          [
            -3.69542,
            40.44658
          ],
          [
            -3.69574,
            40.44659
          ],
          [
            -3.69583,
            40.4466
          ],
          [
            -3.69586,
            40.4463
          ],
          [
            -3.69571,
            40.44629
          ],
          [
            -3.69573,
            40.44603
          ],
          [
            -3.69592,
            40.44604
          ],
          [
            -3.69601,
            40.44604
          ],
          [
            -3.69642,
            40.44605
          ],
          [
            -3.69673,
            40.44607
          ],
          [
            -3.69706,
            40.44608
          ],
          [
            -3.69706,
            40.44612
          ],
          [
            -3.69722,
            40.44613
          ],
          [
            -3.69722,
            40.44606
          ],
          [
            -3.69754,
            40.44608
          ],
          [
            -3.69771,
            40.44609
          ],
          [
            -3.69776,
            40.44609
          ],
          [
            -3.69785,
            40.44613
          ],
          [
            -3.69792,
            40.44614
          ],
          [
            -3.69806,
            40.44614
          ],
          [
            -3.69814,
            40.44615
          ],
          [
            -3.6983,
            40.44615
          ],
          [
            -3.69852,
            40.44616
          ],
          [
            -3.69857,
            40.44616
          ],
          [
            -3.69862,
            40.44616
          ],
          [
            -3.69864,
            40.44589
          ],
          [
            -3.69865,
            40.44576
          ],
          [
            -3.69868,
            40.44567
          ],
          [
            -3.69871,
            40.44525
          ],
          [
            -3.69866,
            40.44524
          ],
          [
            -3.69866,
            40.44522
          ],
          [
            -3.69866,
            40.44512
          ],
          [
            -3.6987,
            40.44512
          ],
          [
            -3.69877,
            40.44428
          ],
          [
            -3.69878,
            40.44416
          ],
          [
            -3.69875,
            40.44416
          ],
          [
            -3.69875,
            40.44414
          ],
          [
            -3.69876,
            40.44406
          ],
          [
            -3.69876,
            40.44404
          ],
          [
            -3.69881,
            40.44404
          ],
          [
            -3.69888,
            40.44308
          ],
          [
            -3.6989,
            40.44297
          ],
          [
            -3.69892,
            40.44267
          ],
          [
            -3.69898,
            40.442
          ],
          [
            -3.6991,
            40.442
          ],
          [
            -3.69913,
            40.442
          ],
          [
            -3.6991,
            40.44196
          ],
          [
            -3.6991,
            40.44192
          ],
          [
            -3.69911,
            40.44185
          ],
          [
            -3.6992,
            40.44185
          ],
          [
            -3.69931,
            40.44182
          ],
          [
            -3.6994,
            40.44182
          ],
          [
            -3.69951,
            40.44181
          ],
          [
            -3.69967,
            40.44182
          ],
          [
            -3.69995,
            40.44184
          ],
          [
            -3.70036,
            40.44186
          ],
          [
            -3.70076,
            40.44188
          ],
          [
            -3.70083,
            40.44188
          ],
          [
            -3.70102,
            40.4419
          ],
          [
            -3.70132,
            40.44192
          ],
          [
            -3.70147,
            40.44195
          ],
          [
            -3.70156,
            40.44195
          ],
          [
            -3.70168,
            40.44196
          ],
          [
            -3.70165,
            40.4419
          ],
          [
            -3.70166,
            40.4419
          ],
          [
            -3.70181,
            40.44188
          ],
          [
            -3.70186,
            40.44187
          ],
          [
            -3.70183,
            40.4418
          ],
          [
            -3.7018,
            40.44171
          ],
          [
            -3.70178,
            40.44168
          ],
          [
            -3.70175,
            40.4416
          ]
        ]
      },
      "properties": {
        "title": "Madrid moderne",
        "stroke": "#1267ff",
        "stroke-width": 5,
        "group": 4100000008
      },
      "id": 1798998410
    },
    {
      "type": "Feature",
      "geometry": {
        "type": "LineString",
        "coordinates": [
          [
            -3.6923,
            40.40915
          ],
          [
            -3.6925,
            40.40923
          ],
          [
            -3.69266,
            40.40925
          ],
          [
            -3.69275,
            40.40929
          ],
          [
            -3.69287,
            40.40934
          ],
          [
            -3.69297,
            40.40939
          ],
          [
            -3.69329,
            40.40952
          ],
          [
            -3.69339,
            40.40958
          ],
          [
            -3.69343,
            40.40959
          ],
          [
            -3.69349,
            40.40963
          ],
          [
            -3.69347,
            40.40975
          ],
          [
            -3.69336,
            40.40976
          ],
          [
            -3.6933,
            40.40975
          ],
          [
            -3.69331,
            40.40998
          ],
          [
            -3.69331,
            40.41016
          ],
          [
            -3.69331,
            40.4107
          ],
          [
            -3.69331,
            40.41083
          ],
          [
            -3.69331,
            40.41088
          ],
          [
            -3.69332,
            40.41103
          ],
          [
            -3.6933,
            40.41117
          ],
          [
            -3.6933,
            40.41126
          ],
          [
            -3.69331,
            40.41142
          ],
          [
            -3.69314,
            40.41142
          ],
          [
            -3.69316,
            40.41147
          ],
          [
            -3.69315,
            40.41147
          ],
          [
            -3.69325,
            40.41177
          ],
          [
            -3.69336,
            40.41214
          ],
          [
            -3.69339,
            40.41223
          ],
          [
            -3.69346,
            40.41245
          ],
          [
            -3.69347,
            40.4125
          ],
          [
            -3.69329,
            40.41253
          ],
          [
            -3.69327,
            40.41248
          ],
          [
            -3.69315,
            40.4125
          ],
          [
            -3.69317,
            40.41279
          ],
          [
            -3.69301,
            40.41281
          ],
          [
            -3.69302,
            40.41281
          ],
          [
            -3.69284,
            40.41283
          ],
          [
            -3.6928,
            40.41284
          ],
          [
            -3.69286,
            40.41312
          ],
          [
            -3.69287,
            40.41324
          ],
          [
            -3.69288,
            40.41328
          ],
          [
            -3.69291,
            40.41342
          ],
          [
            -3.69295,
            40.41359
          ],
          [
            -3.69297,
            40.41369
          ],
          [
            -3.69298,
            40.41372
          ],
          [
            -3.69299,
            40.41378
          ],
          [
            -3.693,
            40.41385
          ],
          [
            -3.69307,
            40.41414
          ],
          [
            -3.69309,
            40.41424
          ],
          [
            -3.69319,
            40.41472
          ],
          [
            -3.69332,
            40.41512
          ],
          [
            -3.69336,
            40.41522
          ],
          [
            -3.69337,
            40.41537
          ],
          [
            -3.69337,
            40.41544
          ],
          [
            -3.69342,
            40.41567
          ],
          [
            -3.69341,
            40.41568
          ],
          [
            -3.6934,
            40.41568
          ],
          [
            -3.69339,
            40.41568
          ],
          [
            -3.69335,
            40.41569
          ],
          [
            -3.69336,
            40.41571
          ],
          [
            -3.6934,
            40.41589
          ],
          [
            -3.69341,
            40.41591
          ],
          [
            -3.69343,
            40.4159
          ],
          [
            -3.69347,
            40.41595
          ],
          [
            -3.69351,
            40.41599
          ],
          [
            -3.69353,
            40.41607
          ],
          [
            -3.69353,
            40.41618
          ],
          [
            -3.69349,
            40.41638
          ],
          [
            -3.69346,
            40.41645
          ],
          [
            -3.69341,
            40.41651
          ],
          [
            -3.69337,
            40.41663
          ],
          [
            -3.69334,
            40.4168
          ],
          [
            -3.69332,
            40.41686
          ],
          [
            -3.69333,
            40.41686
          ],
          [
            -3.69329,
            40.41703
          ],
          [
            -3.6933,
            40.41703
          ],
          [
            -3.6933,
            40.41707
          ],
          [
            -3.69324,
            40.41719
          ],
          [
            -3.69321,
            40.41733
          ],
          [
            -3.69319,
            40.41745
          ],
          [
            -3.69301,
            40.41832
          ],
          [
            -3.69297,
            40.41849
          ],
          [
            -3.6929,
            40.41867
          ],
          [
            -3.69294,
            40.41869
          ],
          [
            -3.69288,
            40.41871
          ],
          [
            -3.69283,
            40.41874
          ],
          [
            -3.69278,
            40.41876
          ],
          [
            -3.69262,
            40.41876
          ],
          [
            -3.69263,
            40.41866
          ],
          [
            -3.69265,
            40.41854
          ],
          [
            -3.69266,
            40.41842
          ],
          [
            -3.6927,
            40.41815
          ],
          [
            -3.69178,
            40.41812
          ],
          [
            -3.69163,
            40.41812
          ],
          [
            -3.69163,
            40.41804
          ],
          [
            -3.6916,
            40.41804
          ],
          [
            -3.69147,
            40.41801
          ],
          [
            -3.69147,
            40.41804
          ],
          [
            -3.69079,
            40.41802
          ],
          [
            -3.69056,
            40.41801
          ],
          [
            -3.69056,
            40.41798
          ],
          [
            -3.69056,
            40.41796
          ],
          [
            -3.69054,
            40.41796
          ],
          [
            -3.69042,
            40.41797
          ],
          [
            -3.69039,
            40.41797
          ],
          [
            -3.6904,
            40.41771
          ],
          [
            -3.69039,
            40.41739
          ],
          [
            -3.69037,
            40.41739
          ],
          [
            -3.69037,
            40.41737
          ],
          [
            -3.69036,
            40.41731
          ],
          [
            -3.69036,
            40.41727
          ],
          [
            -3.69039,
            40.41727
          ],
          [
            -3.69037,
            40.4168
          ],
          [
            -3.69037,
            40.4167
          ],
          [
            -3.69033,
            40.4167
          ],
          [
            -3.69032,
            40.41663
          ],
          [
            -3.6903,
            40.4165
          ],
          [
            -3.6903,
            40.41645
          ],
          [
            -3.69039,
            40.41645
          ],
          [
            -3.69038,
            40.4161
          ],
          [
            -3.69033,
            40.4161
          ],
          [
            -3.69033,
            40.41607
          ],
          [
            -3.69033,
            40.416
          ],
          [
            -3.69045,
            40.41599
          ],
          [
            -3.69053,
            40.41598
          ],
          [
            -3.69089,
            40.41598
          ],
          [
            -3.69093,
            40.41597
          ],
          [
            -3.69095,
            40.41597
          ],
          [
            -3.69096,
            40.41597
          ],
          [
            -3.69097,
            40.41597
          ],
          [
            -3.69097,
            40.41585
          ],
          [
            -3.6911,
            40.41579
          ],
          [
            -3.69143,
            40.41577
          ],
          [
            -3.69142,
            40.41536
          ],
          [
            -3.69142,
            40.4153
          ],
          [
            -3.69144,
            40.41516
          ],
          [
            -3.69113,
            40.41516
          ],
          [
            -3.69079,
            40.41517
          ],
          [
            -3.69065,
            40.4152
          ],
          [
            -3.6906,
            40.41519
          ],
          [
            -3.69057,
            40.41519
          ],
          [
            -3.6905,
            40.41517
          ],
          [
            -3.6905,
            40.41516
          ],
          [
            -3.6905,
            40.4151
          ],
          [
            -3.69047,
            40.4151
          ],
          [
            -3.69036,
            40.41509
          ],
          [
            -3.69033,
            40.41509
          ],
          [
            -3.69032,
            40.41481
          ],
          [
            -3.69017,
            40.41481
          ],
          [
            -3.69013,
            40.41481
          ],
          [
            -3.68942,
            40.41481
          ],
          [
            -3.68924,
            40.41481
          ],
          [
            -3.68912,
            40.41482
          ],
          [
            -3.68906,
            40.41482
          ],
          [
            -3.68906,
            40.41501
          ],
          [
            -3.68908,
            40.41501
          ],
          [
            -3.68909,
            40.41504
          ],
          [
            -3.68909,
            40.41511
          ],
          [
            -3.68908,
            40.41511
          ],
          [
            -3.68909,
            40.41518
          ],
          [
            -3.68906,
            40.41518
          ],
          [
            -3.68878,
            40.41519
          ],
          [
            -3.68879,
            40.41526
          ],
          [
            -3.68879,
            40.41532
          ],
          [
            -3.6888,
            40.41559
          ],
          [
            -3.68881,
            40.41565
          ],
          [
            -3.68881,
            40.41575
          ],
          [
            -3.68881,
            40.41577
          ],
          [
            -3.68881,
            40.41582
          ],
          [
            -3.68883,
            40.41616
          ],
          [
            -3.68883,
            40.41637
          ],
          [
            -3.68883,
            40.41648
          ],
          [
            -3.68883,
            40.41661
          ],
          [
            -3.68883,
            40.41668
          ],
          [
            -3.68883,
            40.41675
          ],
          [
            -3.68882,
            40.41686
          ],
          [
            -3.68882,
            40.4169
          ],
          [
            -3.68881,
            40.41693
          ],
          [
            -3.6888,
            40.41705
          ],
          [
            -3.68878,
            40.41726
          ],
          [
            -3.68877,
            40.41745
          ],
          [
            -3.68878,
            40.41753
          ],
          [
            -3.68875,
            40.41764
          ],
          [
            -3.68875,
            40.4177
          ],
          [
            -3.68874,
            40.41781
          ],
          [
            -3.68869,
            40.41839
          ],
          [
            -3.68866,
            40.41848
          ],
          [
            -3.68865,
            40.41867
          ],
          [
            -3.68864,
            40.41874
          ],
          [
            -3.68863,
            40.41883
          ],
          [
            -3.68863,
            40.41891
          ],
          [
            -3.6886,
            40.41914
          ],
          [
            -3.68857,
            40.41925
          ],
          [
            -3.68857,
            40.4193
          ],
          [
            -3.68858,
            40.4194
          ],
          [
            -3.68857,
            40.41943
          ],
          [
            -3.68848,
            40.41946
          ],
          [
            -3.68844,
            40.41948
          ],
          [
            -3.68842,
            40.41949
          ],
          [
            -3.68818,
            40.41973
          ],
          [
            -3.68816,
            40.41975
          ],
          [
            -3.68802,
            40.41986
          ],
          [
            -3.688,
            40.41987
          ],
          [
            -3.688,
            40.41988
          ],
          [
            -3.68799,
            40.41988
          ],
          [
            -3.68798,
            40.41988
          ],
          [
            -3.68797,
            40.41989
          ],
          [
            -3.68795,
            40.4199
          ],
          [
            -3.68791,
            40.41991
          ],
          [
            -3.68794,
            40.41997
          ],
          [
            -3.688,
            40.42012
          ],
          [
            -3.68802,
            40.42029
          ],
          [
            -3.68789,
            40.42031
          ],
          [
            -3.68785,
            40.42032
          ],
          [
            -3.68774,
            40.42035
          ],
          [
            -3.68735,
            40.42043
          ],
          [
            -3.68728,
            40.42043
          ],
          [
            -3.6873,
            40.42046
          ],
          [
            -3.68731,
            40.42049
          ],
          [
            -3.68729,
            40.42049
          ],
          [
            -3.68718,
            40.42051
          ],
          [
            -3.68718,
            40.4205
          ],
          [
            -3.68718,
            40.42049
          ],
          [
            -3.68716,
            40.42046
          ],
          [
            -3.68713,
            40.42044
          ],
          [
            -3.68705,
            40.42046
          ],
          [
            -3.68698,
            40.42047
          ],
          [
            -3.68695,
            40.4205
          ],
          [
            -3.68692,
            40.42051
          ],
          [
            -3.6869,
            40.42052
          ],
          [
            -3.68688,
            40.42053
          ],
          [
            -3.68684,
            40.42054
          ],
          [
            -3.68675,
            40.42055
          ],
          [
            -3.68665,
            40.42057
          ],
          [
            -3.68652,
            40.4206
          ],
          [
            -3.68597,
            40.42072
          ],
          [
            -3.68597,
            40.42073
          ],
          [
            -3.68596,
            40.42076
          ],
          [
            -3.68596,
            40.4208
          ],
          [
            -3.68596,
            40.42082
          ],
          [
            -3.68588,
            40.42081
          ],
          [
            -3.68588,
            40.4208
          ],
          [
            -3.68589,
            40.42076
          ],
          [
            -3.68585,
            40.4207
          ]
        ]
      },
      "properties": {
        "title": "Madrid culturel - trésors",
        "visible": false,
        "stroke": "#1267ff",
        "stroke-width": 5,
        "group": 4100000007
      },
      "id": 894403479
    },
    {
      "type": "Feature",
      "geometry": {
        "type": "LineString",
        "coordinates": [
          [
            -3.66347,
            40.43126
          ],
          [
            -3.66348,
            40.43122
          ],
          [
            -3.66354,
            40.43093
          ],
          [
            -3.66354,
            40.43089
          ],
          [
            -3.66353,
            40.43084
          ],
          [
            -3.6635,
            40.43081
          ],
          [
            -3.66352,
            40.4308
          ],
          [
            -3.6635,
            40.43078
          ],
          [
            -3.66336,
            40.4306
          ],
          [
            -3.66334,
            40.43058
          ],
          [
            -3.66328,
            40.43061
          ],
          [
            -3.66325,
            40.43061
          ],
          [
            -3.66272,
            40.43003
          ],
          [
            -3.66275,
            40.43001
          ],
          [
            -3.66272,
            40.42999
          ],
          [
            -3.66263,
            40.43002
          ],
          [
            -3.66225,
            40.43021
          ],
          [
            -3.66213,
            40.43017
          ],
          [
            -3.66211,
            40.43014
          ],
          [
            -3.66212,
            40.43011
          ],
          [
            -3.66214,
            40.42999
          ],
          [
            -3.66217,
            40.42983
          ],
          [
            -3.66222,
            40.42959
          ],
          [
            -3.66221,
            40.42956
          ],
          [
            -3.66211,
            40.42955
          ],
          [
            -3.66204,
            40.42942
          ],
          [
            -3.66201,
            40.42939
          ],
          [
            -3.66187,
            40.42925
          ],
          [
            -3.66171,
            40.42909
          ],
          [
            -3.66169,
            40.42907
          ],
          [
            -3.66164,
            40.42907
          ],
          [
            -3.66163,
            40.42904
          ],
          [
            -3.66156,
            40.4289
          ],
          [
            -3.66155,
            40.42886
          ],
          [
            -3.66152,
            40.42881
          ],
          [
            -3.66149,
            40.42877
          ],
          [
            -3.66147,
            40.42873
          ],
          [
            -3.66138,
            40.42861
          ],
          [
            -3.66136,
            40.42857
          ],
          [
            -3.66127,
            40.42845
          ],
          [
            -3.66124,
            40.42838
          ],
          [
            -3.66121,
            40.42828
          ],
          [
            -3.6612,
            40.42825
          ],
          [
            -3.66118,
            40.42819
          ],
          [
            -3.66116,
            40.42806
          ],
          [
            -3.66114,
            40.42798
          ],
          [
            -3.66114,
            40.42792
          ],
          [
            -3.66114,
            40.42791
          ],
          [
            -3.66113,
            40.42774
          ],
          [
            -3.66112,
            40.42757
          ],
          [
            -3.6611,
            40.42734
          ],
          [
            -3.66105,
            40.42703
          ],
          [
            -3.66103,
            40.42689
          ],
          [
            -3.66097,
            40.42657
          ],
          [
            -3.66093,
            40.42639
          ],
          [
            -3.6609,
            40.42624
          ],
          [
            -3.6609,
            40.42621
          ],
          [
            -3.66086,
            40.42608
          ],
          [
            -3.66082,
            40.42591
          ],
          [
            -3.66081,
            40.42584
          ],
          [
            -3.66078,
            40.4257
          ],
          [
            -3.66069,
            40.42535
          ],
          [
            -3.66065,
            40.42517
          ],
          [
            -3.66062,
            40.42504
          ],
          [
            -3.66058,
            40.42485
          ],
          [
            -3.66056,
            40.42474
          ],
          [
            -3.66054,
            40.42465
          ],
          [
            -3.66054,
            40.4246
          ],
          [
            -3.66054,
            40.42456
          ],
          [
            -3.66054,
            40.42454
          ],
          [
            -3.66054,
            40.42448
          ],
          [
            -3.66055,
            40.42443
          ],
          [
            -3.66057,
            40.42438
          ],
          [
            -3.66061,
            40.42429
          ],
          [
            -3.66063,
            40.42424
          ],
          [
            -3.66063,
            40.42417
          ],
          [
            -3.66063,
            40.42413
          ],
          [
            -3.66063,
            40.42399
          ],
          [
            -3.66062,
            40.42395
          ],
          [
            -3.66064,
            40.42383
          ],
          [
            -3.66072,
            40.42376
          ],
          [
            -3.66078,
            40.4237
          ],
          [
            -3.66087,
            40.42361
          ],
          [
            -3.66088,
            40.4236
          ],
          [
            -3.66095,
            40.42348
          ],
          [
            -3.66097,
            40.42345
          ],
          [
            -3.661,
            40.42339
          ],
          [
            -3.66102,
            40.42332
          ],
          [
            -3.66103,
            40.42328
          ],
          [
            -3.66103,
            40.42325
          ],
          [
            -3.66104,
            40.42319
          ],
          [
            -3.66106,
            40.42314
          ],
          [
            -3.6611,
            40.4231
          ],
          [
            -3.66113,
            40.42308
          ],
          [
            -3.66117,
            40.42305
          ],
          [
            -3.66122,
            40.42303
          ],
          [
            -3.66128,
            40.423
          ],
          [
            -3.66134,
            40.42299
          ],
          [
            -3.66142,
            40.42297
          ],
          [
            -3.66144,
            40.42297
          ],
          [
            -3.66149,
            40.42296
          ],
          [
            -3.66155,
            40.42295
          ],
          [
            -3.66158,
            40.42294
          ],
          [
            -3.66171,
            40.42298
          ],
          [
            -3.66185,
            40.42302
          ],
          [
            -3.66188,
            40.42304
          ],
          [
            -3.6619,
            40.42302
          ],
          [
            -3.66194,
            40.42301
          ],
          [
            -3.66199,
            40.42302
          ],
          [
            -3.66201,
            40.42303
          ],
          [
            -3.66205,
            40.42302
          ],
          [
            -3.66208,
            40.42308
          ],
          [
            -3.66198,
            40.42311
          ],
          [
            -3.66208,
            40.42309
          ],
          [
            -3.66209,
            40.4231
          ],
          [
            -3.6621,
            40.42311
          ],
          [
            -3.66213,
            40.42313
          ],
          [
            -3.66217,
            40.42315
          ],
          [
            -3.66221,
            40.42317
          ],
          [
            -3.66225,
            40.4232
          ],
          [
            -3.66227,
            40.42321
          ],
          [
            -3.66232,
            40.42321
          ],
          [
            -3.66237,
            40.4232
          ],
          [
            -3.66253,
            40.42319
          ],
          [
            -3.66256,
            40.42319
          ],
          [
            -3.66263,
            40.42315
          ],
          [
            -3.66265,
            40.42314
          ],
          [
            -3.66268,
            40.42313
          ],
          [
            -3.66273,
            40.42313
          ],
          [
            -3.66276,
            40.42313
          ],
          [
            -3.66282,
            40.42313
          ],
          [
            -3.66289,
            40.42313
          ],
          [
            -3.66294,
            40.42314
          ],
          [
            -3.66299,
            40.42314
          ],
          [
            -3.66301,
            40.42315
          ],
          [
            -3.66303,
            40.42316
          ],
          [
            -3.66305,
            40.42318
          ],
          [
            -3.66308,
            40.42319
          ],
          [
            -3.6631,
            40.42322
          ],
          [
            -3.66314,
            40.42326
          ],
          [
            -3.66315,
            40.42327
          ],
          [
            -3.66322,
            40.42331
          ],
          [
            -3.66325,
            40.42334
          ],
          [
            -3.66328,
            40.42337
          ],
          [
            -3.66332,
            40.42339
          ],
          [
            -3.66336,
            40.42342
          ],
          [
            -3.66346,
            40.42345
          ],
          [
            -3.66348,
            40.42346
          ],
          [
            -3.6635,
            40.42343
          ],
          [
            -3.66352,
            40.42337
          ],
          [
            -3.66354,
            40.42331
          ],
          [
            -3.66355,
            40.42327
          ],
          [
            -3.66356,
            40.42326
          ],
          [
            -3.66357,
            40.42326
          ],
          [
            -3.66365,
            40.42327
          ],
          [
            -3.66354,
            40.4235
          ],
          [
            -3.66353,
            40.42354
          ],
          [
            -3.66369,
            40.42357
          ],
          [
            -3.66388,
            40.42362
          ],
          [
            -3.664,
            40.42365
          ],
          [
            -3.66414,
            40.42368
          ],
          [
            -3.66424,
            40.4237
          ],
          [
            -3.66435,
            40.42372
          ],
          [
            -3.66491,
            40.42381
          ],
          [
            -3.66506,
            40.42383
          ],
          [
            -3.66524,
            40.42386
          ],
          [
            -3.66525,
            40.42384
          ],
          [
            -3.66533,
            40.42384
          ],
          [
            -3.66532,
            40.42387
          ],
          [
            -3.6654,
            40.42389
          ],
          [
            -3.66555,
            40.42392
          ],
          [
            -3.66583,
            40.42395
          ],
          [
            -3.66628,
            40.42401
          ],
          [
            -3.66638,
            40.424
          ],
          [
            -3.66643,
            40.424
          ],
          [
            -3.66656,
            40.42401
          ],
          [
            -3.66669,
            40.42402
          ],
          [
            -3.6668,
            40.42402
          ],
          [
            -3.66693,
            40.42402
          ],
          [
            -3.66691,
            40.42409
          ],
          [
            -3.66687,
            40.42458
          ],
          [
            -3.66686,
            40.42462
          ],
          [
            -3.66698,
            40.42462
          ],
          [
            -3.66759,
            40.42463
          ],
          [
            -3.66773,
            40.42464
          ],
          [
            -3.66782,
            40.42464
          ],
          [
            -3.66793,
            40.42464
          ],
          [
            -3.66806,
            40.42465
          ],
          [
            -3.66821,
            40.42465
          ],
          [
            -3.6683,
            40.42465
          ],
          [
            -3.66841,
            40.42466
          ],
          [
            -3.66848,
            40.42466
          ],
          [
            -3.66849,
            40.42471
          ],
          [
            -3.66848,
            40.42475
          ],
          [
            -3.6685,
            40.42475
          ],
          [
            -3.66867,
            40.42476
          ],
          [
            -3.66868,
            40.4247
          ],
          [
            -3.66871,
            40.42469
          ],
          [
            -3.66871,
            40.42476
          ],
          [
            -3.66887,
            40.42473
          ],
          [
            -3.66888,
            40.42467
          ],
          [
            -3.66889,
            40.42456
          ],
          [
            -3.669,
            40.42457
          ],
          [
            -3.66915,
            40.42459
          ],
          [
            -3.66948,
            40.42461
          ],
          [
            -3.6698,
            40.42462
          ],
          [
            -3.67003,
            40.42463
          ],
          [
            -3.67075,
            40.42466
          ],
          [
            -3.67085,
            40.42467
          ],
          [
            -3.67085,
            40.4247
          ],
          [
            -3.67086,
            40.4247
          ],
          [
            -3.67097,
            40.4247
          ],
          [
            -3.671,
            40.4247
          ],
          [
            -3.67101,
            40.42464
          ],
          [
            -3.67132,
            40.42466
          ],
          [
            -3.67147,
            40.42468
          ],
          [
            -3.67158,
            40.42468
          ],
          [
            -3.67163,
            40.42468
          ],
          [
            -3.67176,
            40.42468
          ],
          [
            -3.6719,
            40.42468
          ],
          [
            -3.67205,
            40.42471
          ],
          [
            -3.67253,
            40.42472
          ],
          [
            -3.67253,
            40.42474
          ],
          [
            -3.67265,
            40.42476
          ],
          [
            -3.67268,
            40.42476
          ],
          [
            -3.67268,
            40.42471
          ],
          [
            -3.67274,
            40.42474
          ],
          [
            -3.67326,
            40.42476
          ],
          [
            -3.674,
            40.4248
          ],
          [
            -3.67401,
            40.42464
          ],
          [
            -3.67401,
            40.42462
          ],
          [
            -3.67414,
            40.42463
          ],
          [
            -3.67425,
            40.42463
          ],
          [
            -3.67443,
            40.42462
          ],
          [
            -3.67449,
            40.42462
          ],
          [
            -3.67474,
            40.42464
          ],
          [
            -3.67483,
            40.42464
          ],
          [
            -3.67496,
            40.42465
          ],
          [
            -3.67522,
            40.42468
          ],
          [
            -3.67525,
            40.42468
          ],
          [
            -3.67536,
            40.42469
          ],
          [
            -3.67548,
            40.4247
          ],
          [
            -3.67557,
            40.4247
          ],
          [
            -3.67561,
            40.4247
          ],
          [
            -3.67586,
            40.42462
          ],
          [
            -3.67613,
            40.42473
          ],
          [
            -3.67621,
            40.42474
          ],
          [
            -3.6764,
            40.42472
          ],
          [
            -3.6765,
            40.42473
          ],
          [
            -3.67655,
            40.42473
          ],
          [
            -3.67669,
            40.42473
          ],
          [
            -3.67686,
            40.42474
          ],
          [
            -3.677,
            40.42475
          ],
          [
            -3.67718,
            40.42476
          ],
          [
            -3.67718,
            40.42475
          ],
          [
            -3.67719,
            40.42475
          ],
          [
            -3.67728,
            40.42475
          ],
          [
            -3.67727,
            40.42477
          ],
          [
            -3.6773,
            40.42478
          ],
          [
            -3.67743,
            40.42478
          ],
          [
            -3.67783,
            40.4248
          ],
          [
            -3.67783,
            40.42479
          ],
          [
            -3.6779,
            40.42479
          ],
          [
            -3.6779,
            40.42478
          ],
          [
            -3.67855,
            40.42481
          ],
          [
            -3.67863,
            40.42486
          ],
          [
            -3.67859,
            40.42501
          ],
          [
            -3.67859,
            40.42506
          ],
          [
            -3.6786,
            40.42513
          ],
          [
            -3.67855,
            40.42572
          ],
          [
            -3.67853,
            40.42592
          ],
          [
            -3.6785,
            40.42604
          ],
          [
            -3.67851,
            40.42612
          ],
          [
            -3.67848,
            40.42623
          ],
          [
            -3.67845,
            40.42661
          ],
          [
            -3.67843,
            40.42679
          ],
          [
            -3.67842,
            40.42697
          ],
          [
            -3.67838,
            40.4274
          ],
          [
            -3.67833,
            40.4274
          ],
          [
            -3.67832,
            40.42741
          ],
          [
            -3.67832,
            40.42749
          ],
          [
            -3.67832,
            40.4275
          ],
          [
            -3.67837,
            40.42751
          ],
          [
            -3.67836,
            40.42756
          ],
          [
            -3.6785,
            40.42756
          ],
          [
            -3.67851,
            40.42752
          ],
          [
            -3.67862,
            40.42752
          ],
          [
            -3.67895,
            40.42754
          ],
          [
            -3.67938,
            40.42756
          ],
          [
            -3.67964,
            40.42757
          ],
          [
            -3.67982,
            40.42758
          ],
          [
            -3.67981,
            40.42763
          ],
          [
            -3.68006,
            40.42765
          ],
          [
            -3.68007,
            40.42755
          ],
          [
            -3.68012,
            40.42755
          ],
          [
            -3.68025,
            40.4276
          ],
          [
            -3.68031,
            40.4276
          ],
          [
            -3.68059,
            40.42762
          ],
          [
            -3.68086,
            40.42763
          ],
          [
            -3.68097,
            40.42763
          ],
          [
            -3.6811,
            40.42764
          ],
          [
            -3.68119,
            40.42764
          ],
          [
            -3.68128,
            40.42764
          ],
          [
            -3.68128,
            40.42767
          ],
          [
            -3.68135,
            40.42768
          ],
          [
            -3.68135,
            40.42763
          ],
          [
            -3.68146,
            40.42764
          ],
          [
            -3.68157,
            40.42766
          ],
          [
            -3.68252,
            40.4277
          ],
          [
            -3.68251,
            40.42774
          ],
          [
            -3.68252,
            40.42774
          ],
          [
            -3.6826,
            40.42774
          ],
          [
            -3.68261,
            40.42768
          ],
          [
            -3.68265,
            40.42768
          ],
          [
            -3.68277,
            40.42772
          ],
          [
            -3.6829,
            40.42772
          ],
          [
            -3.68313,
            40.42774
          ],
          [
            -3.6835,
            40.42775
          ],
          [
            -3.68361,
            40.42776
          ],
          [
            -3.68373,
            40.42774
          ],
          [
            -3.68374,
            40.42768
          ],
          [
            -3.68378,
            40.42768
          ],
          [
            -3.68379,
            40.42761
          ],
          [
            -3.68382,
            40.42761
          ],
          [
            -3.68403,
            40.42761
          ],
          [
            -3.68405,
            40.42761
          ],
          [
            -3.68404,
            40.42768
          ],
          [
            -3.68412,
            40.42769
          ],
          [
            -3.68412,
            40.42771
          ],
          [
            -3.68411,
            40.42775
          ],
          [
            -3.68411,
            40.42779
          ],
          [
            -3.68422,
            40.42779
          ],
          [
            -3.68484,
            40.42782
          ],
          [
            -3.68494,
            40.42781
          ],
          [
            -3.68503,
            40.42782
          ],
          [
            -3.68502,
            40.42789
          ],
          [
            -3.68505,
            40.42789
          ],
          [
            -3.68511,
            40.42789
          ],
          [
            -3.68514,
            40.42789
          ],
          [
            -3.68515,
            40.42783
          ],
          [
            -3.68559,
            40.42786
          ],
          [
            -3.68568,
            40.42786
          ],
          [
            -3.68596,
            40.42788
          ],
          [
            -3.6861,
            40.42786
          ],
          [
            -3.68609,
            40.42793
          ],
          [
            -3.68613,
            40.42793
          ],
          [
            -3.68625,
            40.42794
          ],
          [
            -3.68626,
            40.42786
          ],
          [
            -3.68636,
            40.42786
          ],
          [
            -3.68647,
            40.42789
          ],
          [
            -3.68669,
            40.42789
          ],
          [
            -3.68726,
            40.42792
          ],
          [
            -3.68724,
            40.42802
          ],
          [
            -3.68729,
            40.42802
          ],
          [
            -3.68746,
            40.42804
          ],
          [
            -3.68749,
            40.42805
          ],
          [
            -3.68742,
            40.42843
          ],
          [
            -3.68727,
            40.42927
          ],
          [
            -3.68727,
            40.42933
          ],
          [
            -3.68726,
            40.42933
          ],
          [
            -3.68707,
            40.43036
          ],
          [
            -3.68712,
            40.43037
          ],
          [
            -3.68712,
            40.4304
          ],
          [
            -3.68711,
            40.43053
          ],
          [
            -3.6871,
            40.43056
          ],
          [
            -3.68703,
            40.43056
          ],
          [
            -3.68701,
            40.43093
          ],
          [
            -3.68677,
            40.43092
          ],
          [
            -3.68676,
            40.43105
          ],
          [
            -3.68676,
            40.43115
          ],
          [
            -3.68671,
            40.43166
          ],
          [
            -3.68668,
            40.43166
          ],
          [
            -3.68667,
            40.43174
          ],
          [
            -3.6867,
            40.43174
          ],
          [
            -3.68669,
            40.43191
          ],
          [
            -3.68668,
            40.43206
          ],
          [
            -3.68667,
            40.4322
          ],
          [
            -3.68664,
            40.43255
          ],
          [
            -3.6866,
            40.43267
          ],
          [
            -3.68659,
            40.43275
          ],
          [
            -3.68658,
            40.43288
          ],
          [
            -3.68652,
            40.43287
          ],
          [
            -3.6865,
            40.43308
          ],
          [
            -3.6865,
            40.4331
          ],
          [
            -3.68658,
            40.4331
          ],
          [
            -3.68659,
            40.43319
          ],
          [
            -3.68656,
            40.43351
          ],
          [
            -3.68652,
            40.434
          ],
          [
            -3.68647,
            40.434
          ],
          [
            -3.68647,
            40.43406
          ],
          [
            -3.68648,
            40.43406
          ],
          [
            -3.68647,
            40.4343
          ],
          [
            -3.68646,
            40.43443
          ],
          [
            -3.68642,
            40.43495
          ],
          [
            -3.68641,
            40.435
          ],
          [
            -3.68636,
            40.43499
          ],
          [
            -3.68633,
            40.43499
          ],
          [
            -3.68633,
            40.43501
          ],
          [
            -3.68631,
            40.43517
          ],
          [
            -3.68631,
            40.43519
          ],
          [
            -3.68632,
            40.43519
          ],
          [
            -3.68633,
            40.43519
          ],
          [
            -3.68637,
            40.43521
          ],
          [
            -3.68641,
            40.43528
          ],
          [
            -3.68642,
            40.4353
          ],
          [
            -3.68638,
            40.43565
          ],
          [
            -3.68634,
            40.43606
          ],
          [
            -3.68632,
            40.43626
          ],
          [
            -3.68627,
            40.43625
          ],
          [
            -3.68627,
            40.43633
          ],
          [
            -3.68632,
            40.43633
          ],
          [
            -3.68629,
            40.4367
          ],
          [
            -3.68628,
            40.43679
          ],
          [
            -3.68627,
            40.43693
          ],
          [
            -3.68626,
            40.43709
          ],
          [
            -3.68625,
            40.43712
          ],
          [
            -3.68624,
            40.4373
          ],
          [
            -3.68623,
            40.43738
          ],
          [
            -3.68626,
            40.4374
          ],
          [
            -3.68643,
            40.43741
          ],
          [
            -3.68646,
            40.43741
          ],
          [
            -3.68644,
            40.43758
          ],
          [
            -3.68643,
            40.43772
          ],
          [
            -3.68649,
            40.43772
          ],
          [
            -3.68647,
            40.43793
          ],
          [
            -3.68676,
            40.43795
          ],
          [
            -3.68723,
            40.43797
          ],
          [
            -3.68746,
            40.43798
          ],
          [
            -3.68756,
            40.43799
          ],
          [
            -3.68761,
            40.43799
          ],
          [
            -3.68777,
            40.438
          ],
          [
            -3.68786,
            40.438
          ],
          [
            -3.68785,
            40.43802
          ],
          [
            -3.68795,
            40.43803
          ],
          [
            -3.68796,
            40.438
          ],
          [
            -3.68801,
            40.438
          ],
          [
            -3.68815,
            40.43801
          ],
          [
            -3.68841,
            40.43802
          ],
          [
            -3.68842,
            40.43802
          ],
          [
            -3.6886,
            40.43803
          ],
          [
            -3.68865,
            40.43803
          ],
          [
            -3.68885,
            40.43804
          ],
          [
            -3.68894,
            40.43805
          ],
          [
            -3.68894,
            40.43813
          ],
          [
            -3.68893,
            40.43823
          ],
          [
            -3.68892,
            40.43834
          ],
          [
            -3.68892,
            40.43846
          ],
          [
            -3.68892,
            40.43854
          ],
          [
            -3.68892,
            40.43862
          ],
          [
            -3.68892,
            40.43869
          ],
          [
            -3.68893,
            40.43877
          ],
          [
            -3.68893,
            40.43882
          ],
          [
            -3.68894,
            40.43888
          ],
          [
            -3.68896,
            40.43898
          ],
          [
            -3.68896,
            40.43904
          ],
          [
            -3.68897,
            40.43918
          ],
          [
            -3.68905,
            40.43911
          ],
          [
            -3.68906,
            40.43912
          ],
          [
            -3.68907,
            40.43912
          ],
          [
            -3.68912,
            40.43914
          ],
          [
            -3.68919,
            40.4392
          ],
          [
            -3.68929,
            40.43923
          ],
          [
            -3.6894,
            40.43927
          ],
          [
            -3.68955,
            40.43933
          ],
          [
            -3.68962,
            40.43938
          ],
          [
            -3.68963,
            40.43939
          ],
          [
            -3.68967,
            40.43943
          ],
          [
            -3.68968,
            40.43947
          ],
          [
            -3.68975,
            40.43971
          ],
          [
            -3.6898,
            40.43989
          ],
          [
            -3.68985,
            40.44006
          ],
          [
            -3.68985,
            40.44007
          ],
          [
            -3.6899,
            40.44017
          ],
          [
            -3.68992,
            40.4402
          ],
          [
            -3.68995,
            40.44023
          ],
          [
            -3.68996,
            40.44024
          ],
          [
            -3.68998,
            40.44025
          ],
          [
            -3.69001,
            40.44026
          ],
          [
            -3.69005,
            40.44026
          ],
          [
            -3.69007,
            40.44026
          ],
          [
            -3.69011,
            40.44026
          ],
          [
            -3.69017,
            40.44025
          ],
          [
            -3.69017,
            40.4403
          ],
          [
            -3.6902,
            40.4404
          ],
          [
            -3.69021,
            40.44042
          ],
          [
            -3.69024,
            40.44055
          ],
          [
            -3.69027,
            40.44059
          ],
          [
            -3.69024,
            40.4406
          ],
          [
            -3.69026,
            40.44065
          ],
          [
            -3.69017,
            40.44067
          ],
          [
            -3.69016,
            40.44068
          ],
          [
            -3.69016,
            40.44069
          ],
          [
            -3.6902,
            40.44081
          ],
          [
            -3.69027,
            40.44098
          ],
          [
            -3.69034,
            40.44118
          ],
          [
            -3.69036,
            40.44121
          ],
          [
            -3.69038,
            40.44124
          ],
          [
            -3.69043,
            40.44122
          ],
          [
            -3.69046,
            40.4412
          ],
          [
            -3.69048,
            40.44118
          ],
          [
            -3.69058,
            40.44109
          ],
          [
            -3.69076,
            40.44118
          ],
          [
            -3.69086,
            40.44107
          ],
          [
            -3.6907,
            40.44099
          ],
          [
            -3.69066,
            40.44096
          ],
          [
            -3.69069,
            40.44094
          ],
          [
            -3.69081,
            40.44088
          ],
          [
            -3.69105,
            40.44085
          ],
          [
            -3.69114,
            40.44084
          ],
          [
            -3.69118,
            40.44084
          ],
          [
            -3.6912,
            40.4409
          ],
          [
            -3.6912,
            40.44095
          ],
          [
            -3.69139,
            40.44093
          ],
          [
            -3.69142,
            40.44092
          ],
          [
            -3.69156,
            40.4409
          ],
          [
            -3.69156,
            40.44091
          ],
          [
            -3.69159,
            40.4409
          ],
          [
            -3.69161,
            40.4409
          ],
          [
            -3.69164,
            40.4409
          ],
          [
            -3.69166,
            40.44089
          ],
          [
            -3.69174,
            40.44083
          ],
          [
            -3.69175,
            40.44083
          ],
          [
            -3.69177,
            40.44082
          ],
          [
            -3.69178,
            40.44082
          ],
          [
            -3.6918,
            40.44082
          ],
          [
            -3.69181,
            40.44082
          ],
          [
            -3.6918,
            40.44081
          ],
          [
            -3.69198,
            40.44089
          ],
          [
            -3.69196,
            40.44085
          ],
          [
            -3.69202,
            40.44085
          ],
          [
            -3.69189,
            40.44069
          ],
          [
            -3.69187,
            40.44063
          ],
          [
            -3.69186,
            40.44061
          ],
          [
            -3.69182,
            40.44048
          ],
          [
            -3.69179,
            40.4404
          ],
          [
            -3.69174,
            40.44025
          ],
          [
            -3.69162,
            40.43993
          ],
          [
            -3.6916,
            40.43988
          ],
          [
            -3.69162,
            40.43972
          ],
          [
            -3.69161,
            40.43968
          ],
          [
            -3.69147,
            40.43928
          ],
          [
            -3.69146,
            40.43923
          ],
          [
            -3.69159,
            40.4392
          ],
          [
            -3.69151,
            40.43903
          ],
          [
            -3.69144,
            40.43885
          ],
          [
            -3.69141,
            40.43877
          ],
          [
            -3.69137,
            40.43862
          ],
          [
            -3.69134,
            40.43851
          ],
          [
            -3.69133,
            40.43846
          ],
          [
            -3.69133,
            40.43844
          ],
          [
            -3.69133,
            40.43841
          ],
          [
            -3.69134,
            40.43835
          ],
          [
            -3.69135,
            40.4383
          ],
          [
            -3.69135,
            40.43827
          ]
        ]
      },
      "properties": {
        "title": "Madrid élégant",
        "visible": false,
        "stroke": "#1267ff",
        "stroke-width": 5,
        "group": 4100000009
      },
      "id": 1030985113
    },
    {
      "type": "Feature",
      "geometry": {
        "type": "LineString",
        "coordinates": [
          [
            -3.69911,
            40.41797
          ],
          [
            -3.69891,
            40.41803
          ],
          [
            -3.69863,
            40.41812
          ],
          [
            -3.69869,
            40.41822
          ],
          [
            -3.69857,
            40.41824
          ],
          [
            -3.69852,
            40.41816
          ],
          [
            -3.6984,
            40.41821
          ],
          [
            -3.69831,
            40.41823
          ],
          [
            -3.6982,
            40.41827
          ],
          [
            -3.69813,
            40.41829
          ],
          [
            -3.69806,
            40.41831
          ],
          [
            -3.69799,
            40.41833
          ],
          [
            -3.6979,
            40.41835
          ],
          [
            -3.6978,
            40.41838
          ],
          [
            -3.69772,
            40.4184
          ],
          [
            -3.69765,
            40.41842
          ],
          [
            -3.69758,
            40.41845
          ],
          [
            -3.69751,
            40.41846
          ],
          [
            -3.69745,
            40.41848
          ],
          [
            -3.69741,
            40.41849
          ],
          [
            -3.69737,
            40.4185
          ],
          [
            -3.69721,
            40.41855
          ],
          [
            -3.69705,
            40.4186
          ],
          [
            -3.69685,
            40.41866
          ],
          [
            -3.69678,
            40.41868
          ],
          [
            -3.69652,
            40.41875
          ],
          [
            -3.69649,
            40.41872
          ],
          [
            -3.69645,
            40.41864
          ],
          [
            -3.69642,
            40.41855
          ],
          [
            -3.69635,
            40.41856
          ],
          [
            -3.69637,
            40.41862
          ],
          [
            -3.69632,
            40.41863
          ],
          [
            -3.6962,
            40.41866
          ],
          [
            -3.69586,
            40.41874
          ],
          [
            -3.69584,
            40.41868
          ],
          [
            -3.69577,
            40.41869
          ],
          [
            -3.69572,
            40.4187
          ],
          [
            -3.69573,
            40.41875
          ],
          [
            -3.69562,
            40.41877
          ],
          [
            -3.69542,
            40.41878
          ],
          [
            -3.69525,
            40.41882
          ],
          [
            -3.69505,
            40.41885
          ],
          [
            -3.69504,
            40.41886
          ],
          [
            -3.69465,
            40.41893
          ],
          [
            -3.69447,
            40.41896
          ],
          [
            -3.69432,
            40.41899
          ],
          [
            -3.69421,
            40.41901
          ],
          [
            -3.69418,
            40.41902
          ],
          [
            -3.69414,
            40.41902
          ],
          [
            -3.69412,
            40.41902
          ],
          [
            -3.69406,
            40.41903
          ],
          [
            -3.69394,
            40.41904
          ],
          [
            -3.69391,
            40.41903
          ],
          [
            -3.6939,
            40.419
          ],
          [
            -3.69389,
            40.41894
          ],
          [
            -3.69392,
            40.41888
          ],
          [
            -3.69373,
            40.41886
          ],
          [
            -3.69377,
            40.41877
          ],
          [
            -3.69374,
            40.41876
          ],
          [
            -3.69383,
            40.4184
          ],
          [
            -3.69392,
            40.41807
          ],
          [
            -3.69402,
            40.4177
          ],
          [
            -3.69407,
            40.41746
          ],
          [
            -3.69405,
            40.41739
          ],
          [
            -3.69412,
            40.41708
          ],
          [
            -3.69414,
            40.41701
          ],
          [
            -3.69414,
            40.41699
          ],
          [
            -3.69417,
            40.4169
          ],
          [
            -3.69419,
            40.41681
          ],
          [
            -3.69425,
            40.41653
          ],
          [
            -3.69426,
            40.41645
          ],
          [
            -3.69428,
            40.41634
          ],
          [
            -3.69431,
            40.41619
          ],
          [
            -3.69433,
            40.41609
          ],
          [
            -3.69432,
            40.41607
          ],
          [
            -3.69425,
            40.41606
          ],
          [
            -3.69429,
            40.4159
          ],
          [
            -3.69431,
            40.41578
          ],
          [
            -3.69436,
            40.41577
          ],
          [
            -3.69453,
            40.41572
          ],
          [
            -3.69453,
            40.4157
          ],
          [
            -3.6947,
            40.41573
          ],
          [
            -3.69469,
            40.41559
          ],
          [
            -3.69466,
            40.41551
          ],
          [
            -3.69496,
            40.41557
          ],
          [
            -3.69498,
            40.41555
          ],
          [
            -3.69503,
            40.41544
          ],
          [
            -3.69506,
            40.41539
          ],
          [
            -3.69516,
            40.41541
          ],
          [
            -3.69526,
            40.41548
          ],
          [
            -3.69581,
            40.41563
          ],
          [
            -3.69586,
            40.41564
          ],
          [
            -3.69585,
            40.41556
          ],
          [
            -3.69596,
            40.41555
          ],
          [
            -3.69599,
            40.41555
          ],
          [
            -3.696,
            40.41567
          ],
          [
            -3.69603,
            40.41567
          ],
          [
            -3.69605,
            40.41568
          ],
          [
            -3.69612,
            40.41565
          ],
          [
            -3.69618,
            40.41563
          ],
          [
            -3.69634,
            40.41559
          ],
          [
            -3.69646,
            40.41556
          ],
          [
            -3.69682,
            40.41545
          ],
          [
            -3.69691,
            40.41542
          ],
          [
            -3.69692,
            40.4151
          ],
          [
            -3.69693,
            40.41492
          ],
          [
            -3.69695,
            40.41456
          ],
          [
            -3.69697,
            40.41443
          ],
          [
            -3.69697,
            40.4144
          ],
          [
            -3.69697,
            40.41438
          ],
          [
            -3.69696,
            40.41435
          ],
          [
            -3.69688,
            40.41438
          ],
          [
            -3.69666,
            40.41438
          ],
          [
            -3.69642,
            40.41438
          ],
          [
            -3.69614,
            40.41438
          ],
          [
            -3.69596,
            40.41437
          ],
          [
            -3.69586,
            40.41437
          ],
          [
            -3.6958,
            40.41438
          ],
          [
            -3.69565,
            40.4144
          ],
          [
            -3.69559,
            40.41443
          ],
          [
            -3.69551,
            40.41449
          ],
          [
            -3.69526,
            40.41465
          ],
          [
            -3.69489,
            40.41487
          ],
          [
            -3.6948,
            40.41493
          ],
          [
            -3.69477,
            40.41494
          ],
          [
            -3.69478,
            40.41498
          ],
          [
            -3.69467,
            40.41498
          ],
          [
            -3.69466,
            40.41496
          ],
          [
            -3.69461,
            40.41494
          ],
          [
            -3.69456,
            40.41493
          ],
          [
            -3.69445,
            40.41489
          ],
          [
            -3.69441,
            40.4148
          ],
          [
            -3.69433,
            40.41461
          ],
          [
            -3.69414,
            40.41463
          ],
          [
            -3.69413,
            40.41463
          ],
          [
            -3.69379,
            40.41466
          ],
          [
            -3.6935,
            40.41468
          ],
          [
            -3.69341,
            40.41469
          ],
          [
            -3.6934,
            40.41463
          ],
          [
            -3.69322,
            40.41466
          ],
          [
            -3.69318,
            40.41467
          ],
          [
            -3.69319,
            40.41472
          ],
          [
            -3.6931,
            40.41473
          ],
          [
            -3.69306,
            40.41456
          ],
          [
            -3.69303,
            40.41441
          ],
          [
            -3.693,
            40.41426
          ],
          [
            -3.69299,
            40.41419
          ],
          [
            -3.69295,
            40.414
          ],
          [
            -3.69289,
            40.4137
          ],
          [
            -3.6928,
            40.41371
          ],
          [
            -3.69257,
            40.41374
          ],
          [
            -3.69254,
            40.41361
          ],
          [
            -3.6925,
            40.41344
          ],
          [
            -3.69246,
            40.41326
          ],
          [
            -3.69245,
            40.4132
          ],
          [
            -3.69242,
            40.41305
          ],
          [
            -3.69238,
            40.41289
          ],
          [
            -3.69235,
            40.41277
          ],
          [
            -3.69238,
            40.41274
          ],
          [
            -3.69239,
            40.41272
          ],
          [
            -3.6924,
            40.4127
          ],
          [
            -3.69241,
            40.41268
          ],
          [
            -3.69242,
            40.41265
          ],
          [
            -3.69242,
            40.41263
          ],
          [
            -3.69241,
            40.41258
          ],
          [
            -3.69238,
            40.41253
          ],
          [
            -3.69235,
            40.4125
          ],
          [
            -3.69233,
            40.41249
          ],
          [
            -3.6923,
            40.41248
          ],
          [
            -3.69223,
            40.41245
          ],
          [
            -3.6922,
            40.41245
          ],
          [
            -3.69216,
            40.41245
          ],
          [
            -3.692,
            40.41247
          ],
          [
            -3.69197,
            40.41234
          ],
          [
            -3.69174,
            40.41238
          ],
          [
            -3.69172,
            40.41228
          ],
          [
            -3.6916,
            40.4123
          ],
          [
            -3.6915,
            40.41231
          ],
          [
            -3.69147,
            40.41232
          ],
          [
            -3.69146,
            40.41224
          ],
          [
            -3.69144,
            40.41216
          ],
          [
            -3.69142,
            40.41206
          ],
          [
            -3.69135,
            40.41175
          ],
          [
            -3.69134,
            40.41174
          ],
          [
            -3.69127,
            40.41142
          ],
          [
            -3.6913,
            40.41142
          ],
          [
            -3.69151,
            40.41139
          ],
          [
            -3.69153,
            40.41144
          ],
          [
            -3.69154,
            40.4115
          ],
          [
            -3.69155,
            40.41154
          ],
          [
            -3.69156,
            40.4116
          ],
          [
            -3.69158,
            40.41165
          ],
          [
            -3.69159,
            40.41171
          ],
          [
            -3.69162,
            40.41186
          ],
          [
            -3.69166,
            40.41204
          ],
          [
            -3.69168,
            40.41212
          ],
          [
            -3.69179,
            40.41211
          ],
          [
            -3.69191,
            40.41209
          ],
          [
            -3.69194,
            40.41218
          ],
          [
            -3.69197,
            40.41234
          ],
          [
            -3.692,
            40.41247
          ],
          [
            -3.69217,
            40.41245
          ],
          [
            -3.69221,
            40.41245
          ],
          [
            -3.69223,
            40.41245
          ],
          [
            -3.6923,
            40.41248
          ],
          [
            -3.69233,
            40.41249
          ],
          [
            -3.69235,
            40.4125
          ],
          [
            -3.69238,
            40.41253
          ],
          [
            -3.69241,
            40.41258
          ],
          [
            -3.69263,
            40.41257
          ],
          [
            -3.69264,
            40.41257
          ],
          [
            -3.69264,
            40.41258
          ],
          [
            -3.69267,
            40.41264
          ],
          [
            -3.69267,
            40.41265
          ],
          [
            -3.69268,
            40.41265
          ],
          [
            -3.69268,
            40.41266
          ],
          [
            -3.69269,
            40.41268
          ],
          [
            -3.69269,
            40.41269
          ],
          [
            -3.69269,
            40.4127
          ],
          [
            -3.69269,
            40.41271
          ],
          [
            -3.69268,
            40.41271
          ],
          [
            -3.69268,
            40.41272
          ],
          [
            -3.69268,
            40.41273
          ],
          [
            -3.6927,
            40.41285
          ],
          [
            -3.69279,
            40.41284
          ],
          [
            -3.69278,
            40.41277
          ],
          [
            -3.69277,
            40.41273
          ],
          [
            -3.69274,
            40.41261
          ],
          [
            -3.69272,
            40.41251
          ],
          [
            -3.69267,
            40.41226
          ],
          [
            -3.69265,
            40.41217
          ],
          [
            -3.69249,
            40.41143
          ],
          [
            -3.69242,
            40.41111
          ],
          [
            -3.69239,
            40.41098
          ],
          [
            -3.69237,
            40.41089
          ],
          [
            -3.69235,
            40.41079
          ],
          [
            -3.69229,
            40.41051
          ],
          [
            -3.69226,
            40.41041
          ],
          [
            -3.69225,
            40.41036
          ],
          [
            -3.69223,
            40.41027
          ],
          [
            -3.6922,
            40.41013
          ],
          [
            -3.69218,
            40.41003
          ],
          [
            -3.69202,
            40.40969
          ],
          [
            -3.69186,
            40.40969
          ],
          [
            -3.69151,
            40.4097
          ],
          [
            -3.69151,
            40.40965
          ],
          [
            -3.69149,
            40.40957
          ],
          [
            -3.69156,
            40.40957
          ],
          [
            -3.69174,
            40.40952
          ],
          [
            -3.69184,
            40.40947
          ],
          [
            -3.69202,
            40.40969
          ],
          [
            -3.69202,
            40.4097
          ],
          [
            -3.6921,
            40.40982
          ],
          [
            -3.69215,
            40.40981
          ],
          [
            -3.69255,
            40.40974
          ],
          [
            -3.69254,
            40.40965
          ],
          [
            -3.69255,
            40.4096
          ],
          [
            -3.69256,
            40.40956
          ],
          [
            -3.69258,
            40.40954
          ],
          [
            -3.69262,
            40.40951
          ],
          [
            -3.69266,
            40.4095
          ],
          [
            -3.69278,
            40.40955
          ],
          [
            -3.69304,
            40.40965
          ],
          [
            -3.69315,
            40.4097
          ],
          [
            -3.69326,
            40.40974
          ],
          [
            -3.69328,
            40.40975
          ],
          [
            -3.69343,
            40.40982
          ],
          [
            -3.69355,
            40.40986
          ],
          [
            -3.69366,
            40.40991
          ],
          [
            -3.69385,
            40.40997
          ],
          [
            -3.69387,
            40.40995
          ],
          [
            -3.69396,
            40.40982
          ],
          [
            -3.69379,
            40.40973
          ],
          [
            -3.69389,
            40.40959
          ],
          [
            -3.69394,
            40.40957
          ],
          [
            -3.69404,
            40.40944
          ],
          [
            -3.69421,
            40.4092
          ],
          [
            -3.6944,
            40.40895
          ],
          [
            -3.69444,
            40.4089
          ],
          [
            -3.69449,
            40.40884
          ],
          [
            -3.6945,
            40.40884
          ],
          [
            -3.69451,
            40.40884
          ],
          [
            -3.69466,
            40.4089
          ],
          [
            -3.69482,
            40.40897
          ],
          [
            -3.69492,
            40.40884
          ],
          [
            -3.69495,
            40.40881
          ],
          [
            -3.6951,
            40.40863
          ],
          [
            -3.69536,
            40.40832
          ],
          [
            -3.6954,
            40.40828
          ],
          [
            -3.69548,
            40.40817
          ],
          [
            -3.69587,
            40.40772
          ],
          [
            -3.696,
            40.40757
          ],
          [
            -3.69604,
            40.40752
          ],
          [
            -3.69606,
            40.40749
          ],
          [
            -3.69598,
            40.40745
          ],
          [
            -3.69584,
            40.40737
          ],
          [
            -3.69572,
            40.40731
          ],
          [
            -3.69552,
            40.40721
          ],
          [
            -3.69548,
            40.40719
          ],
          [
            -3.69542,
            40.40715
          ],
          [
            -3.69541,
            40.40714
          ],
          [
            -3.69535,
            40.40716
          ],
          [
            -3.6951,
            40.40722
          ],
          [
            -3.695,
            40.40723
          ],
          [
            -3.69484,
            40.40728
          ],
          [
            -3.69439,
            40.4074
          ],
          [
            -3.69421,
            40.40746
          ],
          [
            -3.69414,
            40.40748
          ],
          [
            -3.69406,
            40.40753
          ],
          [
            -3.69397,
            40.40755
          ],
          [
            -3.69385,
            40.40759
          ],
          [
            -3.69375,
            40.40762
          ],
          [
            -3.69368,
            40.40765
          ],
          [
            -3.69361,
            40.40768
          ],
          [
            -3.69355,
            40.40771
          ],
          [
            -3.69346,
            40.40775
          ],
          [
            -3.69338,
            40.40779
          ],
          [
            -3.69331,
            40.40786
          ],
          [
            -3.69323,
            40.40795
          ],
          [
            -3.69302,
            40.40806
          ],
          [
            -3.69297,
            40.40825
          ],
          [
            -3.6928,
            40.40845
          ],
          [
            -3.69265,
            40.40864
          ],
          [
            -3.69254,
            40.40873
          ]
        ]
      },
      "properties": {
        "title": "Madrid culturel",
        "visible": false,
        "stroke": "#1267ff",
        "stroke-width": 5,
        "group": 4100000006
      },
      "id": 3419272322
    },
    {
      "type": "Feature",
      "geometry": {
        "type": "LineString",
        "coordinates": [
          [
            -3.71642,
            40.39738
          ],
          [
            -3.71641,
            40.39738
          ],
          [
            -3.71638,
            40.39738
          ],
          [
            -3.71639,
            40.39746
          ],
          [
            -3.71646,
            40.39754
          ],
          [
            -3.71639,
            40.39757
          ],
          [
            -3.71636,
            40.39759
          ],
          [
            -3.71626,
            40.39764
          ],
          [
            -3.71623,
            40.39766
          ],
          [
            -3.71621,
            40.39767
          ],
          [
            -3.71619,
            40.39767
          ],
          [
            -3.71616,
            40.39767
          ],
          [
            -3.71614,
            40.39767
          ],
          [
            -3.71607,
            40.39766
          ],
          [
            -3.71609,
            40.39764
          ],
          [
            -3.71615,
            40.39767
          ],
          [
            -3.71616,
            40.39768
          ],
          [
            -3.71619,
            40.3977
          ],
          [
            -3.71621,
            40.39772
          ],
          [
            -3.71623,
            40.39775
          ],
          [
            -3.71624,
            40.39777
          ],
          [
            -3.71625,
            40.39781
          ],
          [
            -3.71624,
            40.39786
          ],
          [
            -3.71606,
            40.39786
          ],
          [
            -3.71596,
            40.39787
          ],
          [
            -3.71595,
            40.39784
          ],
          [
            -3.71592,
            40.3978
          ],
          [
            -3.71586,
            40.39781
          ],
          [
            -3.71584,
            40.39781
          ],
          [
            -3.71583,
            40.39781
          ],
          [
            -3.71581,
            40.3978
          ],
          [
            -3.71578,
            40.3978
          ],
          [
            -3.71576,
            40.39779
          ],
          [
            -3.71575,
            40.39779
          ],
          [
            -3.71572,
            40.39778
          ],
          [
            -3.7157,
            40.39783
          ],
          [
            -3.7156,
            40.39806
          ],
          [
            -3.71553,
            40.39823
          ],
          [
            -3.71546,
            40.3984
          ],
          [
            -3.71539,
            40.39858
          ],
          [
            -3.71532,
            40.39875
          ],
          [
            -3.71525,
            40.39892
          ],
          [
            -3.71515,
            40.39914
          ],
          [
            -3.71512,
            40.3992
          ],
          [
            -3.71507,
            40.39931
          ],
          [
            -3.71499,
            40.39948
          ],
          [
            -3.71492,
            40.39964
          ],
          [
            -3.71484,
            40.39981
          ],
          [
            -3.71481,
            40.39988
          ],
          [
            -3.71473,
            40.40005
          ],
          [
            -3.71472,
            40.40009
          ],
          [
            -3.7147,
            40.40013
          ],
          [
            -3.71461,
            40.40032
          ],
          [
            -3.71453,
            40.40049
          ],
          [
            -3.71452,
            40.40051
          ],
          [
            -3.71458,
            40.40054
          ],
          [
            -3.71464,
            40.40056
          ],
          [
            -3.71468,
            40.40059
          ],
          [
            -3.71472,
            40.40062
          ],
          [
            -3.71476,
            40.40065
          ],
          [
            -3.71479,
            40.40069
          ],
          [
            -3.71483,
            40.4007
          ],
          [
            -3.71488,
            40.4007
          ],
          [
            -3.71492,
            40.4007
          ],
          [
            -3.71492,
            40.40073
          ],
          [
            -3.7149,
            40.40083
          ],
          [
            -3.71486,
            40.40083
          ],
          [
            -3.71482,
            40.40083
          ],
          [
            -3.71482,
            40.40084
          ],
          [
            -3.71483,
            40.40087
          ],
          [
            -3.71483,
            40.40091
          ],
          [
            -3.71483,
            40.40095
          ],
          [
            -3.71483,
            40.40096
          ],
          [
            -3.71485,
            40.40096
          ],
          [
            -3.71488,
            40.40095
          ],
          [
            -3.71491,
            40.40095
          ],
          [
            -3.71494,
            40.40094
          ],
          [
            -3.71497,
            40.40093
          ],
          [
            -3.715,
            40.40092
          ],
          [
            -3.71504,
            40.40096
          ],
          [
            -3.71502,
            40.40097
          ],
          [
            -3.71499,
            40.40098
          ],
          [
            -3.71495,
            40.40098
          ],
          [
            -3.71492,
            40.40099
          ],
          [
            -3.71487,
            40.401
          ],
          [
            -3.71483,
            40.401
          ],
          [
            -3.71483,
            40.40095
          ],
          [
            -3.71489,
            40.401
          ],
          [
            -3.71493,
            40.40105
          ],
          [
            -3.71494,
            40.40108
          ],
          [
            -3.71495,
            40.40119
          ],
          [
            -3.71495,
            40.40125
          ],
          [
            -3.71495,
            40.40131
          ],
          [
            -3.71479,
            40.40134
          ],
          [
            -3.71475,
            40.40134
          ],
          [
            -3.7147,
            40.40134
          ],
          [
            -3.71463,
            40.40135
          ],
          [
            -3.71457,
            40.40134
          ],
          [
            -3.71453,
            40.40134
          ],
          [
            -3.71447,
            40.40133
          ],
          [
            -3.71442,
            40.40132
          ],
          [
            -3.71436,
            40.40131
          ],
          [
            -3.71428,
            40.4014
          ],
          [
            -3.71427,
            40.40142
          ],
          [
            -3.71425,
            40.40145
          ],
          [
            -3.71425,
            40.40159
          ],
          [
            -3.71419,
            40.4017
          ],
          [
            -3.71414,
            40.40183
          ],
          [
            -3.7141,
            40.40191
          ],
          [
            -3.71407,
            40.40197
          ],
          [
            -3.71396,
            40.40208
          ],
          [
            -3.71396,
            40.4022
          ],
          [
            -3.71388,
            40.40236
          ],
          [
            -3.71381,
            40.40252
          ],
          [
            -3.71344,
            40.40332
          ],
          [
            -3.71361,
            40.40337
          ],
          [
            -3.71357,
            40.40344
          ],
          [
            -3.7134,
            40.40339
          ],
          [
            -3.71336,
            40.40353
          ],
          [
            -3.71292,
            40.4045
          ],
          [
            -3.71289,
            40.40457
          ],
          [
            -3.71281,
            40.40475
          ],
          [
            -3.71282,
            40.40475
          ],
          [
            -3.71278,
            40.40486
          ],
          [
            -3.71275,
            40.40485
          ],
          [
            -3.71266,
            40.40504
          ],
          [
            -3.71258,
            40.4052
          ],
          [
            -3.71235,
            40.4057
          ],
          [
            -3.71221,
            40.40601
          ],
          [
            -3.71213,
            40.40611
          ],
          [
            -3.71206,
            40.40628
          ],
          [
            -3.71203,
            40.40633
          ],
          [
            -3.71203,
            40.40635
          ],
          [
            -3.71211,
            40.40643
          ],
          [
            -3.71222,
            40.40655
          ],
          [
            -3.71224,
            40.40658
          ],
          [
            -3.71233,
            40.40653
          ],
          [
            -3.71241,
            40.40662
          ],
          [
            -3.71243,
            40.40664
          ],
          [
            -3.71231,
            40.40669
          ],
          [
            -3.71233,
            40.4067
          ],
          [
            -3.71243,
            40.40674
          ],
          [
            -3.71234,
            40.40685
          ],
          [
            -3.71232,
            40.40688
          ],
          [
            -3.71227,
            40.40695
          ],
          [
            -3.71217,
            40.40691
          ],
          [
            -3.71204,
            40.40686
          ],
          [
            -3.71202,
            40.40689
          ],
          [
            -3.71201,
            40.40691
          ],
          [
            -3.71198,
            40.40694
          ],
          [
            -3.71199,
            40.40696
          ],
          [
            -3.71202,
            40.40707
          ],
          [
            -3.71208,
            40.40714
          ],
          [
            -3.71213,
            40.4072
          ],
          [
            -3.71219,
            40.4073
          ],
          [
            -3.7123,
            40.40741
          ],
          [
            -3.71238,
            40.40752
          ],
          [
            -3.71247,
            40.40763
          ],
          [
            -3.71253,
            40.40771
          ],
          [
            -3.71264,
            40.40785
          ],
          [
            -3.71271,
            40.40793
          ],
          [
            -3.71289,
            40.40816
          ],
          [
            -3.7129,
            40.40817
          ],
          [
            -3.71305,
            40.40844
          ],
          [
            -3.71311,
            40.40854
          ],
          [
            -3.71314,
            40.40857
          ],
          [
            -3.71318,
            40.40862
          ],
          [
            -3.71324,
            40.40855
          ],
          [
            -3.71331,
            40.40859
          ],
          [
            -3.71326,
            40.40864
          ],
          [
            -3.71328,
            40.40867
          ],
          [
            -3.71334,
            40.40878
          ],
          [
            -3.71337,
            40.40882
          ],
          [
            -3.71342,
            40.40892
          ],
          [
            -3.71346,
            40.409
          ],
          [
            -3.71348,
            40.40903
          ],
          [
            -3.71351,
            40.40908
          ],
          [
            -3.71356,
            40.40924
          ],
          [
            -3.71358,
            40.40924
          ],
          [
            -3.71361,
            40.40929
          ],
          [
            -3.71362,
            40.40931
          ],
          [
            -3.71358,
            40.40932
          ],
          [
            -3.71366,
            40.40942
          ],
          [
            -3.71369,
            40.40948
          ],
          [
            -3.71376,
            40.40962
          ],
          [
            -3.7138,
            40.40973
          ],
          [
            -3.71381,
            40.40972
          ],
          [
            -3.71384,
            40.40977
          ],
          [
            -3.71385,
            40.40979
          ],
          [
            -3.71383,
            40.4098
          ],
          [
            -3.7139,
            40.40988
          ],
          [
            -3.71395,
            40.40998
          ],
          [
            -3.71398,
            40.41005
          ],
          [
            -3.71398,
            40.41019
          ],
          [
            -3.71399,
            40.41022
          ],
          [
            -3.71402,
            40.41027
          ],
          [
            -3.71402,
            40.41031
          ],
          [
            -3.71402,
            40.41036
          ],
          [
            -3.71402,
            40.41044
          ],
          [
            -3.71402,
            40.41051
          ],
          [
            -3.71403,
            40.41052
          ],
          [
            -3.71404,
            40.41053
          ],
          [
            -3.71404,
            40.41054
          ],
          [
            -3.71405,
            40.41054
          ],
          [
            -3.71405,
            40.41055
          ],
          [
            -3.71406,
            40.41056
          ],
          [
            -3.71406,
            40.41057
          ],
          [
            -3.71407,
            40.41057
          ],
          [
            -3.71407,
            40.41058
          ],
          [
            -3.71407,
            40.41059
          ],
          [
            -3.71407,
            40.4106
          ],
          [
            -3.71407,
            40.41061
          ],
          [
            -3.71407,
            40.41062
          ],
          [
            -3.71407,
            40.41064
          ],
          [
            -3.71427,
            40.41074
          ],
          [
            -3.71444,
            40.41086
          ],
          [
            -3.7145,
            40.41093
          ],
          [
            -3.71471,
            40.41119
          ],
          [
            -3.71474,
            40.41118
          ],
          [
            -3.71476,
            40.41122
          ],
          [
            -3.71475,
            40.41122
          ],
          [
            -3.71505,
            40.41164
          ],
          [
            -3.71519,
            40.41183
          ],
          [
            -3.71524,
            40.41196
          ],
          [
            -3.71514,
            40.412
          ],
          [
            -3.71507,
            40.41197
          ],
          [
            -3.71498,
            40.41201
          ],
          [
            -3.71481,
            40.412
          ],
          [
            -3.71477,
            40.41206
          ],
          [
            -3.71466,
            40.41244
          ],
          [
            -3.71466,
            40.41252
          ],
          [
            -3.71465,
            40.41255
          ],
          [
            -3.71463,
            40.41261
          ],
          [
            -3.71461,
            40.41264
          ],
          [
            -3.7146,
            40.41266
          ],
          [
            -3.71455,
            40.4127
          ],
          [
            -3.71447,
            40.41273
          ],
          [
            -3.71451,
            40.41277
          ],
          [
            -3.71454,
            40.41284
          ],
          [
            -3.71462,
            40.41301
          ],
          [
            -3.71469,
            40.41318
          ],
          [
            -3.71473,
            40.41327
          ],
          [
            -3.71459,
            40.41333
          ],
          [
            -3.71445,
            40.41338
          ],
          [
            -3.71444,
            40.41338
          ],
          [
            -3.71435,
            40.41342
          ],
          [
            -3.71428,
            40.41346
          ],
          [
            -3.71418,
            40.41351
          ],
          [
            -3.71411,
            40.41356
          ],
          [
            -3.71404,
            40.41361
          ],
          [
            -3.71399,
            40.41365
          ],
          [
            -3.7139,
            40.41374
          ],
          [
            -3.71387,
            40.41376
          ],
          [
            -3.71386,
            40.41381
          ],
          [
            -3.71385,
            40.41383
          ],
          [
            -3.71374,
            40.41384
          ],
          [
            -3.71365,
            40.41384
          ],
          [
            -3.71358,
            40.41384
          ],
          [
            -3.71349,
            40.41384
          ],
          [
            -3.71345,
            40.41384
          ],
          [
            -3.71344,
            40.41384
          ],
          [
            -3.71339,
            40.41384
          ],
          [
            -3.71324,
            40.41381
          ],
          [
            -3.71317,
            40.41381
          ],
          [
            -3.71305,
            40.41382
          ],
          [
            -3.71287,
            40.41382
          ],
          [
            -3.71275,
            40.41382
          ],
          [
            -3.71233,
            40.41382
          ],
          [
            -3.71225,
            40.41382
          ],
          [
            -3.71219,
            40.41382
          ],
          [
            -3.71208,
            40.41382
          ],
          [
            -3.71201,
            40.41382
          ],
          [
            -3.71187,
            40.41384
          ],
          [
            -3.71182,
            40.41382
          ],
          [
            -3.71178,
            40.41381
          ],
          [
            -3.71174,
            40.41379
          ],
          [
            -3.71171,
            40.41379
          ],
          [
            -3.71175,
            40.41375
          ],
          [
            -3.71177,
            40.41373
          ],
          [
            -3.71181,
            40.41373
          ],
          [
            -3.7118,
            40.41368
          ],
          [
            -3.71174,
            40.41368
          ],
          [
            -3.71174,
            40.41354
          ],
          [
            -3.71175,
            40.41351
          ],
          [
            -3.71174,
            40.41343
          ],
          [
            -3.71175,
            40.4134
          ],
          [
            -3.71173,
            40.41337
          ],
          [
            -3.71172,
            40.41324
          ],
          [
            -3.71171,
            40.41314
          ],
          [
            -3.71171,
            40.41311
          ],
          [
            -3.71171,
            40.41308
          ],
          [
            -3.71173,
            40.41305
          ],
          [
            -3.71186,
            40.41297
          ],
          [
            -3.71194,
            40.41292
          ],
          [
            -3.71201,
            40.41287
          ],
          [
            -3.71196,
            40.41283
          ],
          [
            -3.71191,
            40.41286
          ],
          [
            -3.71177,
            40.41252
          ],
          [
            -3.71173,
            40.41243
          ],
          [
            -3.7116,
            40.4121
          ],
          [
            -3.71158,
            40.41203
          ],
          [
            -3.71153,
            40.41186
          ],
          [
            -3.71149,
            40.41186
          ],
          [
            -3.71136,
            40.41188
          ],
          [
            -3.71121,
            40.4119
          ],
          [
            -3.71117,
            40.4119
          ],
          [
            -3.71112,
            40.41161
          ],
          [
            -3.71112,
            40.41157
          ],
          [
            -3.71115,
            40.41147
          ],
          [
            -3.71106,
            40.41152
          ],
          [
            -3.71099,
            40.41153
          ],
          [
            -3.71091,
            40.41154
          ],
          [
            -3.71085,
            40.41155
          ],
          [
            -3.71069,
            40.41154
          ],
          [
            -3.71065,
            40.41154
          ],
          [
            -3.71064,
            40.41157
          ],
          [
            -3.71063,
            40.41157
          ],
          [
            -3.71048,
            40.41157
          ],
          [
            -3.71048,
            40.41153
          ],
          [
            -3.7104,
            40.41152
          ],
          [
            -3.71031,
            40.4115
          ],
          [
            -3.71033,
            40.41141
          ],
          [
            -3.71043,
            40.41143
          ],
          [
            -3.71044,
            40.41143
          ],
          [
            -3.71048,
            40.41144
          ],
          [
            -3.71049,
            40.41141
          ],
          [
            -3.71049,
            40.41136
          ],
          [
            -3.71049,
            40.41134
          ],
          [
            -3.71049,
            40.4113
          ],
          [
            -3.71047,
            40.41121
          ],
          [
            -3.71039,
            40.41088
          ],
          [
            -3.70975,
            40.41087
          ],
          [
            -3.70972,
            40.41086
          ],
          [
            -3.70971,
            40.41083
          ],
          [
            -3.70969,
            40.41082
          ],
          [
            -3.70967,
            40.41081
          ],
          [
            -3.70932,
            40.41062
          ],
          [
            -3.70922,
            40.41057
          ],
          [
            -3.70915,
            40.41053
          ],
          [
            -3.70918,
            40.41048
          ],
          [
            -3.70915,
            40.41047
          ],
          [
            -3.70921,
            40.41039
          ],
          [
            -3.70929,
            40.4103
          ],
          [
            -3.70928,
            40.41029
          ],
          [
            -3.7092,
            40.41025
          ],
          [
            -3.70919,
            40.41024
          ],
          [
            -3.70916,
            40.41027
          ],
          [
            -3.70913,
            40.41031
          ],
          [
            -3.70912,
            40.4103
          ],
          [
            -3.70908,
            40.41036
          ],
          [
            -3.70909,
            40.41036
          ],
          [
            -3.70906,
            40.41039
          ],
          [
            -3.70897,
            40.4105
          ],
          [
            -3.70877,
            40.41074
          ],
          [
            -3.70875,
            40.41073
          ],
          [
            -3.70873,
            40.41076
          ],
          [
            -3.7086,
            40.41072
          ],
          [
            -3.70838,
            40.41064
          ],
          [
            -3.70821,
            40.41058
          ],
          [
            -3.70817,
            40.41057
          ],
          [
            -3.70788,
            40.41046
          ],
          [
            -3.70784,
            40.41045
          ],
          [
            -3.7078,
            40.41044
          ],
          [
            -3.70748,
            40.41034
          ],
          [
            -3.70742,
            40.41032
          ],
          [
            -3.70742,
            40.41042
          ],
          [
            -3.70743,
            40.41064
          ],
          [
            -3.70745,
            40.41071
          ],
          [
            -3.70745,
            40.41075
          ],
          [
            -3.70774,
            40.41086
          ],
          [
            -3.70802,
            40.41097
          ],
          [
            -3.70816,
            40.41102
          ],
          [
            -3.70818,
            40.41103
          ],
          [
            -3.70833,
            40.41109
          ],
          [
            -3.70837,
            40.41113
          ],
          [
            -3.7084,
            40.41115
          ],
          [
            -3.70846,
            40.41109
          ],
          [
            -3.70849,
            40.41106
          ],
          [
            -3.7086,
            40.41112
          ],
          [
            -3.70857,
            40.41115
          ],
          [
            -3.70852,
            40.41119
          ]
        ]
      },
      "properties": {
        "title": "Madrid authentique",
        "visible": false,
        "stroke": "#1267ff",
        "stroke-width": 5,
        "group": 4100000004
      },
      "id": 3986697465
    },
    {
      "type": "Feature",
      "geometry": {
        "type": "LineString",
        "coordinates": [
          [
            -3.68589,
            40.42074
          ],
          [
            -3.68589,
            40.42076
          ],
          [
            -3.68588,
            40.4208
          ],
          [
            -3.68588,
            40.42084
          ],
          [
            -3.68586,
            40.42079
          ],
          [
            -3.68586,
            40.42077
          ],
          [
            -3.68585,
            40.42077
          ],
          [
            -3.68585,
            40.42076
          ],
          [
            -3.68584,
            40.42076
          ],
          [
            -3.68581,
            40.42077
          ],
          [
            -3.68571,
            40.4206
          ],
          [
            -3.68562,
            40.42044
          ],
          [
            -3.6856,
            40.42041
          ],
          [
            -3.68558,
            40.42037
          ],
          [
            -3.68556,
            40.42035
          ],
          [
            -3.68554,
            40.42032
          ],
          [
            -3.68554,
            40.4203
          ],
          [
            -3.6855,
            40.42026
          ],
          [
            -3.68543,
            40.42014
          ],
          [
            -3.68586,
            40.42005
          ],
          [
            -3.68591,
            40.42005
          ],
          [
            -3.6859,
            40.42004
          ],
          [
            -3.6859,
            40.42003
          ],
          [
            -3.6859,
            40.42002
          ],
          [
            -3.6859,
            40.42001
          ],
          [
            -3.6859,
            40.42
          ],
          [
            -3.6859,
            40.41999
          ],
          [
            -3.6859,
            40.41998
          ],
          [
            -3.68591,
            40.41997
          ],
          [
            -3.68591,
            40.41996
          ],
          [
            -3.68592,
            40.41996
          ],
          [
            -3.68592,
            40.41995
          ],
          [
            -3.68593,
            40.41995
          ],
          [
            -3.68593,
            40.41994
          ],
          [
            -3.68594,
            40.41994
          ],
          [
            -3.68595,
            40.41993
          ],
          [
            -3.68596,
            40.41993
          ],
          [
            -3.68597,
            40.41993
          ],
          [
            -3.68598,
            40.41992
          ],
          [
            -3.68574,
            40.4193
          ],
          [
            -3.6856,
            40.41896
          ],
          [
            -3.68551,
            40.41879
          ],
          [
            -3.68546,
            40.41879
          ],
          [
            -3.68541,
            40.41879
          ],
          [
            -3.68537,
            40.41877
          ],
          [
            -3.68533,
            40.41875
          ],
          [
            -3.6853,
            40.41873
          ],
          [
            -3.68528,
            40.41869
          ],
          [
            -3.68527,
            40.41862
          ],
          [
            -3.68528,
            40.41859
          ],
          [
            -3.6853,
            40.41856
          ],
          [
            -3.68533,
            40.41853
          ],
          [
            -3.68537,
            40.41851
          ],
          [
            -3.68541,
            40.4185
          ],
          [
            -3.68531,
            40.41828
          ],
          [
            -3.68506,
            40.4177
          ],
          [
            -3.6848,
            40.41703
          ],
          [
            -3.68478,
            40.41698
          ],
          [
            -3.68474,
            40.41685
          ],
          [
            -3.68459,
            40.41643
          ],
          [
            -3.68458,
            40.41641
          ],
          [
            -3.68446,
            40.41606
          ],
          [
            -3.68445,
            40.41605
          ],
          [
            -3.68439,
            40.41587
          ],
          [
            -3.68432,
            40.4157
          ],
          [
            -3.68428,
            40.41555
          ],
          [
            -3.68424,
            40.41558
          ],
          [
            -3.68423,
            40.41558
          ],
          [
            -3.68422,
            40.41558
          ],
          [
            -3.68421,
            40.41558
          ],
          [
            -3.6842,
            40.41558
          ],
          [
            -3.68419,
            40.41558
          ],
          [
            -3.68418,
            40.41557
          ],
          [
            -3.68417,
            40.41557
          ],
          [
            -3.68416,
            40.41557
          ],
          [
            -3.68415,
            40.41557
          ],
          [
            -3.68414,
            40.41556
          ],
          [
            -3.68413,
            40.41556
          ],
          [
            -3.68412,
            40.41556
          ],
          [
            -3.68411,
            40.41555
          ],
          [
            -3.6841,
            40.41554
          ],
          [
            -3.68409,
            40.41554
          ],
          [
            -3.68408,
            40.41553
          ],
          [
            -3.68407,
            40.41552
          ],
          [
            -3.68407,
            40.41551
          ],
          [
            -3.68406,
            40.41551
          ],
          [
            -3.68405,
            40.4155
          ],
          [
            -3.68405,
            40.41549
          ],
          [
            -3.68404,
            40.41548
          ],
          [
            -3.68404,
            40.41547
          ],
          [
            -3.68404,
            40.41546
          ],
          [
            -3.68403,
            40.41545
          ],
          [
            -3.68402,
            40.41545
          ],
          [
            -3.68384,
            40.41533
          ],
          [
            -3.68366,
            40.41521
          ],
          [
            -3.68348,
            40.41509
          ],
          [
            -3.68331,
            40.41497
          ],
          [
            -3.68318,
            40.41488
          ],
          [
            -3.68313,
            40.41485
          ],
          [
            -3.68307,
            40.41479
          ],
          [
            -3.68298,
            40.41483
          ],
          [
            -3.68295,
            40.41484
          ],
          [
            -3.68292,
            40.41485
          ],
          [
            -3.68283,
            40.41487
          ],
          [
            -3.68281,
            40.41487
          ],
          [
            -3.68277,
            40.41488
          ],
          [
            -3.68272,
            40.41487
          ],
          [
            -3.68262,
            40.41486
          ],
          [
            -3.68251,
            40.41486
          ],
          [
            -3.68238,
            40.41487
          ],
          [
            -3.68239,
            40.41494
          ],
          [
            -3.68251,
            40.41493
          ],
          [
            -3.68262,
            40.41493
          ],
          [
            -3.6827,
            40.41494
          ],
          [
            -3.68276,
            40.41495
          ],
          [
            -3.68282,
            40.41495
          ],
          [
            -3.68286,
            40.41494
          ],
          [
            -3.68295,
            40.41492
          ],
          [
            -3.68299,
            40.41491
          ],
          [
            -3.68303,
            40.41489
          ],
          [
            -3.68312,
            40.41486
          ],
          [
            -3.68306,
            40.4148
          ],
          [
            -3.68299,
            40.41476
          ],
          [
            -3.68281,
            40.41464
          ],
          [
            -3.6825,
            40.41445
          ],
          [
            -3.68238,
            40.4146
          ],
          [
            -3.68229,
            40.41443
          ],
          [
            -3.68221,
            40.41427
          ],
          [
            -3.68213,
            40.4141
          ],
          [
            -3.68206,
            40.41396
          ],
          [
            -3.68193,
            40.414
          ],
          [
            -3.68186,
            40.41381
          ],
          [
            -3.68179,
            40.41364
          ],
          [
            -3.68177,
            40.41359
          ],
          [
            -3.68177,
            40.41355
          ],
          [
            -3.68177,
            40.41353
          ],
          [
            -3.68177,
            40.4135
          ],
          [
            -3.68178,
            40.41346
          ],
          [
            -3.6818,
            40.41338
          ],
          [
            -3.68184,
            40.41328
          ],
          [
            -3.68158,
            40.41329
          ],
          [
            -3.68155,
            40.41329
          ],
          [
            -3.68144,
            40.41329
          ],
          [
            -3.68127,
            40.41331
          ],
          [
            -3.68099,
            40.41338
          ],
          [
            -3.68088,
            40.4134
          ],
          [
            -3.68081,
            40.41341
          ],
          [
            -3.68075,
            40.41341
          ],
          [
            -3.68072,
            40.4134
          ],
          [
            -3.68065,
            40.4134
          ],
          [
            -3.68058,
            40.41337
          ],
          [
            -3.68052,
            40.41335
          ],
          [
            -3.6805,
            40.41334
          ],
          [
            -3.68044,
            40.41331
          ],
          [
            -3.68038,
            40.41326
          ],
          [
            -3.68033,
            40.41321
          ],
          [
            -3.68027,
            40.41315
          ],
          [
            -3.68016,
            40.41298
          ],
          [
            -3.68013,
            40.41294
          ],
          [
            -3.68011,
            40.41283
          ],
          [
            -3.68009,
            40.41275
          ],
          [
            -3.68009,
            40.41267
          ],
          [
            -3.68008,
            40.41255
          ],
          [
            -3.67999,
            40.41246
          ],
          [
            -3.67982,
            40.41228
          ],
          [
            -3.67965,
            40.41213
          ],
          [
            -3.67953,
            40.41202
          ],
          [
            -3.67944,
            40.41196
          ],
          [
            -3.67936,
            40.4119
          ],
          [
            -3.67933,
            40.41186
          ],
          [
            -3.67932,
            40.41182
          ],
          [
            -3.6791,
            40.41186
          ],
          [
            -3.67898,
            40.41189
          ],
          [
            -3.67871,
            40.41195
          ],
          [
            -3.67869,
            40.41188
          ],
          [
            -3.67868,
            40.41182
          ],
          [
            -3.67863,
            40.41164
          ],
          [
            -3.67851,
            40.41111
          ],
          [
            -3.67861,
            40.4111
          ],
          [
            -3.67866,
            40.41109
          ],
          [
            -3.6787,
            40.41109
          ],
          [
            -3.67875,
            40.4111
          ],
          [
            -3.67878,
            40.4111
          ],
          [
            -3.67885,
            40.41111
          ],
          [
            -3.67897,
            40.41112
          ],
          [
            -3.67905,
            40.41112
          ],
          [
            -3.67923,
            40.41114
          ],
          [
            -3.67922,
            40.41126
          ],
          [
            -3.67937,
            40.41126
          ],
          [
            -3.67942,
            40.41125
          ],
          [
            -3.67957,
            40.41124
          ],
          [
            -3.67959,
            40.41133
          ],
          [
            -3.67961,
            40.41139
          ],
          [
            -3.67966,
            40.41149
          ],
          [
            -3.68024,
            40.41135
          ],
          [
            -3.68032,
            40.41137
          ],
          [
            -3.6804,
            40.41138
          ],
          [
            -3.6805,
            40.41138
          ],
          [
            -3.68055,
            40.41137
          ],
          [
            -3.68058,
            40.41146
          ],
          [
            -3.6806,
            40.41153
          ],
          [
            -3.68062,
            40.41157
          ],
          [
            -3.68073,
            40.41188
          ],
          [
            -3.68075,
            40.41193
          ],
          [
            -3.68078,
            40.41201
          ],
          [
            -3.6808,
            40.41206
          ],
          [
            -3.68085,
            40.41218
          ],
          [
            -3.68091,
            40.41236
          ],
          [
            -3.68115,
            40.41244
          ],
          [
            -3.68137,
            40.41252
          ],
          [
            -3.68145,
            40.41255
          ],
          [
            -3.68185,
            40.4127
          ],
          [
            -3.68211,
            40.41278
          ],
          [
            -3.68219,
            40.41281
          ],
          [
            -3.68229,
            40.41282
          ],
          [
            -3.68243,
            40.41282
          ],
          [
            -3.68246,
            40.41286
          ],
          [
            -3.6829,
            40.41275
          ],
          [
            -3.68293,
            40.41282
          ],
          [
            -3.68311,
            40.41278
          ],
          [
            -3.68314,
            40.41278
          ],
          [
            -3.68317,
            40.41285
          ],
          [
            -3.68333,
            40.41326
          ],
          [
            -3.68336,
            40.41332
          ],
          [
            -3.68344,
            40.41352
          ],
          [
            -3.68356,
            40.41381
          ],
          [
            -3.68367,
            40.41407
          ],
          [
            -3.68376,
            40.41408
          ],
          [
            -3.68411,
            40.41424
          ],
          [
            -3.68441,
            40.41437
          ],
          [
            -3.6849,
            40.41457
          ],
          [
            -3.68499,
            40.41455
          ],
          [
            -3.68513,
            40.41455
          ],
          [
            -3.68517,
            40.41457
          ],
          [
            -3.6852,
            40.41457
          ],
          [
            -3.68523,
            40.41459
          ],
          [
            -3.68529,
            40.41462
          ],
          [
            -3.68532,
            40.41465
          ],
          [
            -3.68553,
            40.41482
          ],
          [
            -3.68581,
            40.41509
          ],
          [
            -3.68597,
            40.41523
          ],
          [
            -3.686,
            40.41534
          ],
          [
            -3.68609,
            40.41534
          ],
          [
            -3.68618,
            40.41533
          ],
          [
            -3.68619,
            40.4154
          ],
          [
            -3.68621,
            40.41544
          ],
          [
            -3.68623,
            40.41547
          ],
          [
            -3.68625,
            40.4155
          ],
          [
            -3.68628,
            40.41553
          ],
          [
            -3.68631,
            40.41556
          ],
          [
            -3.68636,
            40.41559
          ],
          [
            -3.6864,
            40.41561
          ],
          [
            -3.68645,
            40.41563
          ],
          [
            -3.68648,
            40.41564
          ],
          [
            -3.6865,
            40.41564
          ],
          [
            -3.68651,
            40.41564
          ],
          [
            -3.68652,
            40.41565
          ],
          [
            -3.68653,
            40.41566
          ],
          [
            -3.68654,
            40.41566
          ],
          [
            -3.68655,
            40.41567
          ],
          [
            -3.68655,
            40.41568
          ],
          [
            -3.68656,
            40.4157
          ],
          [
            -3.68657,
            40.41589
          ],
          [
            -3.68638,
            40.41589
          ],
          [
            -3.68637,
            40.41595
          ],
          [
            -3.68636,
            40.416
          ],
          [
            -3.68635,
            40.41604
          ],
          [
            -3.68634,
            40.4161
          ],
          [
            -3.68634,
            40.41613
          ],
          [
            -3.68634,
            40.41616
          ],
          [
            -3.68633,
            40.4162
          ],
          [
            -3.68633,
            40.41624
          ],
          [
            -3.68634,
            40.41628
          ],
          [
            -3.68635,
            40.41634
          ],
          [
            -3.68644,
            40.41674
          ],
          [
            -3.68649,
            40.41689
          ],
          [
            -3.68651,
            40.41697
          ],
          [
            -3.68653,
            40.41724
          ],
          [
            -3.68659,
            40.41746
          ],
          [
            -3.68665,
            40.41767
          ],
          [
            -3.68679,
            40.41799
          ],
          [
            -3.68651,
            40.41804
          ],
          [
            -3.6861,
            40.41813
          ],
          [
            -3.68594,
            40.41816
          ],
          [
            -3.68603,
            40.4185
          ],
          [
            -3.68612,
            40.41848
          ],
          [
            -3.68621,
            40.41845
          ],
          [
            -3.68628,
            40.41852
          ],
          [
            -3.68632,
            40.41856
          ],
          [
            -3.68643,
            40.41864
          ],
          [
            -3.68649,
            40.4187
          ],
          [
            -3.68656,
            40.41876
          ],
          [
            -3.68662,
            40.41879
          ],
          [
            -3.68668,
            40.41882
          ],
          [
            -3.68678,
            40.41886
          ],
          [
            -3.68672,
            40.41893
          ],
          [
            -3.68665,
            40.41902
          ],
          [
            -3.68678,
            40.41907
          ],
          [
            -3.68725,
            40.41928
          ],
          [
            -3.68751,
            40.41938
          ],
          [
            -3.68756,
            40.4194
          ],
          [
            -3.68745,
            40.41956
          ],
          [
            -3.6875,
            40.41958
          ],
          [
            -3.68755,
            40.4196
          ],
          [
            -3.68756,
            40.41961
          ],
          [
            -3.68768,
            40.41965
          ],
          [
            -3.68769,
            40.41965
          ],
          [
            -3.6877,
            40.41965
          ],
          [
            -3.68784,
            40.41961
          ],
          [
            -3.68787,
            40.41962
          ],
          [
            -3.6879,
            40.41963
          ],
          [
            -3.68798,
            40.41967
          ],
          [
            -3.68806,
            40.41954
          ],
          [
            -3.68823,
            40.41942
          ],
          [
            -3.68837,
            40.41938
          ],
          [
            -3.68852,
            40.41934
          ],
          [
            -3.68856,
            40.41934
          ],
          [
            -3.68859,
            40.41935
          ],
          [
            -3.68862,
            40.41935
          ],
          [
            -3.68888,
            40.41936
          ],
          [
            -3.68891,
            40.41936
          ],
          [
            -3.68891,
            40.41942
          ],
          [
            -3.68891,
            40.41947
          ],
          [
            -3.68892,
            40.41949
          ],
          [
            -3.68892,
            40.41951
          ],
          [
            -3.68895,
            40.41951
          ],
          [
            -3.689,
            40.41953
          ],
          [
            -3.68906,
            40.41955
          ],
          [
            -3.68911,
            40.41958
          ],
          [
            -3.68916,
            40.41961
          ],
          [
            -3.68921,
            40.41964
          ],
          [
            -3.68925,
            40.41968
          ],
          [
            -3.68927,
            40.4197
          ],
          [
            -3.68938,
            40.41972
          ],
          [
            -3.6894,
            40.41972
          ],
          [
            -3.68941,
            40.41972
          ],
          [
            -3.68942,
            40.41972
          ],
          [
            -3.68943,
            40.41972
          ],
          [
            -3.68945,
            40.41972
          ],
          [
            -3.68948,
            40.41972
          ],
          [
            -3.68952,
            40.41972
          ],
          [
            -3.68953,
            40.41974
          ],
          [
            -3.68958,
            40.42
          ],
          [
            -3.68959,
            40.42002
          ],
          [
            -3.68958,
            40.42002
          ],
          [
            -3.68958,
            40.42006
          ],
          [
            -3.68957,
            40.42017
          ],
          [
            -3.68953,
            40.42026
          ],
          [
            -3.6895,
            40.42031
          ],
          [
            -3.68947,
            40.42036
          ],
          [
            -3.68943,
            40.42041
          ],
          [
            -3.68937,
            40.42048
          ],
          [
            -3.68931,
            40.42052
          ],
          [
            -3.68914,
            40.4206
          ],
          [
            -3.68897,
            40.42064
          ],
          [
            -3.68882,
            40.42067
          ],
          [
            -3.68876,
            40.42067
          ],
          [
            -3.68876,
            40.42069
          ],
          [
            -3.68874,
            40.42077
          ],
          [
            -3.68873,
            40.42085
          ],
          [
            -3.68867,
            40.42122
          ],
          [
            -3.68867,
            40.42123
          ],
          [
            -3.68869,
            40.42124
          ],
          [
            -3.68867,
            40.4213
          ],
          [
            -3.68866,
            40.42129
          ],
          [
            -3.68859,
            40.42179
          ],
          [
            -3.68858,
            40.42189
          ],
          [
            -3.68853,
            40.42219
          ],
          [
            -3.68853,
            40.4222
          ],
          [
            -3.68852,
            40.42225
          ],
          [
            -3.68852,
            40.42224
          ],
          [
            -3.68847,
            40.42253
          ],
          [
            -3.68848,
            40.42253
          ],
          [
            -3.68848,
            40.42255
          ],
          [
            -3.68848,
            40.42259
          ],
          [
            -3.68848,
            40.42261
          ],
          [
            -3.68846,
            40.42261
          ],
          [
            -3.68845,
            40.4227
          ],
          [
            -3.68842,
            40.42285
          ],
          [
            -3.68836,
            40.42324
          ],
          [
            -3.68834,
            40.42333
          ],
          [
            -3.68825,
            40.42395
          ],
          [
            -3.68832,
            40.42397
          ],
          [
            -3.68867,
            40.42405
          ],
          [
            -3.68875,
            40.42408
          ],
          [
            -3.68934,
            40.42423
          ],
          [
            -3.68999,
            40.42439
          ],
          [
            -3.6901,
            40.42442
          ],
          [
            -3.69015,
            40.42444
          ],
          [
            -3.69028,
            40.4245
          ],
          [
            -3.69023,
            40.4246
          ],
          [
            -3.6902,
            40.42467
          ],
          [
            -3.69013,
            40.42482
          ],
          [
            -3.69009,
            40.42493
          ],
          [
            -3.69021,
            40.42496
          ],
          [
            -3.69013,
            40.42515
          ],
          [
            -3.69007,
            40.42533
          ],
          [
            -3.69003,
            40.42542
          ],
          [
            -3.68993,
            40.42541
          ],
          [
            -3.6899,
            40.42551
          ],
          [
            -3.68989,
            40.42556
          ],
          [
            -3.6898,
            40.42555
          ],
          [
            -3.68979,
            40.42568
          ],
          [
            -3.68986,
            40.42569
          ],
          [
            -3.68982,
            40.42584
          ],
          [
            -3.68991,
            40.42586
          ],
          [
            -3.69014,
            40.42589
          ],
          [
            -3.69041,
            40.42593
          ],
          [
            -3.69041,
            40.42592
          ],
          [
            -3.69043,
            40.42591
          ],
          [
            -3.69044,
            40.42591
          ],
          [
            -3.69045,
            40.4259
          ],
          [
            -3.69045,
            40.42589
          ],
          [
            -3.69046,
            40.42587
          ],
          [
            -3.69046,
            40.42585
          ],
          [
            -3.69048,
            40.42578
          ],
          [
            -3.69049,
            40.42574
          ],
          [
            -3.6905,
            40.4257
          ],
          [
            -3.69051,
            40.42569
          ],
          [
            -3.69052,
            40.42568
          ],
          [
            -3.69053,
            40.42568
          ],
          [
            -3.69055,
            40.42568
          ],
          [
            -3.69057,
            40.42568
          ],
          [
            -3.6906,
            40.42569
          ],
          [
            -3.69061,
            40.42566
          ],
          [
            -3.69062,
            40.42563
          ],
          [
            -3.69086,
            40.42561
          ],
          [
            -3.69099,
            40.42558
          ],
          [
            -3.69105,
            40.42558
          ],
          [
            -3.69111,
            40.42558
          ],
          [
            -3.69115,
            40.42558
          ],
          [
            -3.69119,
            40.42558
          ]
        ]
      },
      "properties": {
        "title": "Madrid classique",
        "visible": false,
        "stroke": "#1267ff",
        "stroke-width": 5,
        "group": 4100000010
      },
      "id": 2880232772
    },
    {
      "type": "Feature",
      "geometry": {
        "type": "LineString",
        "coordinates": [
          [
            -3.70936,
            40.41801
          ],
          [
            -3.70937,
            40.41798
          ],
          [
            -3.70938,
            40.41796
          ],
          [
            -3.70939,
            40.41793
          ],
          [
            -3.7094,
            40.41791
          ],
          [
            -3.70944,
            40.41791
          ],
          [
            -3.70969,
            40.41793
          ],
          [
            -3.7098,
            40.41793
          ],
          [
            -3.70998,
            40.41794
          ],
          [
            -3.71005,
            40.41794
          ],
          [
            -3.71035,
            40.41788
          ],
          [
            -3.71047,
            40.41786
          ],
          [
            -3.71056,
            40.41783
          ],
          [
            -3.71058,
            40.41783
          ],
          [
            -3.7106,
            40.41785
          ],
          [
            -3.71062,
            40.41787
          ],
          [
            -3.71064,
            40.41789
          ],
          [
            -3.71066,
            40.4179
          ],
          [
            -3.71068,
            40.41791
          ],
          [
            -3.71069,
            40.41791
          ],
          [
            -3.71092,
            40.41797
          ],
          [
            -3.71114,
            40.41803
          ],
          [
            -3.71136,
            40.41809
          ],
          [
            -3.71139,
            40.4181
          ],
          [
            -3.71161,
            40.41816
          ],
          [
            -3.71182,
            40.41821
          ],
          [
            -3.71187,
            40.41822
          ],
          [
            -3.71192,
            40.41822
          ],
          [
            -3.712,
            40.41822
          ],
          [
            -3.71205,
            40.41823
          ],
          [
            -3.71208,
            40.41799
          ],
          [
            -3.71177,
            40.41797
          ],
          [
            -3.71177,
            40.41776
          ],
          [
            -3.71179,
            40.41758
          ],
          [
            -3.71183,
            40.41723
          ],
          [
            -3.71184,
            40.41715
          ],
          [
            -3.71228,
            40.41718
          ],
          [
            -3.71229,
            40.41718
          ],
          [
            -3.71276,
            40.41721
          ],
          [
            -3.71278,
            40.41711
          ],
          [
            -3.71279,
            40.41707
          ],
          [
            -3.71279,
            40.41706
          ],
          [
            -3.71285,
            40.4169
          ],
          [
            -3.7129,
            40.41688
          ],
          [
            -3.71298,
            40.41664
          ],
          [
            -3.71298,
            40.41661
          ],
          [
            -3.71297,
            40.41657
          ],
          [
            -3.71295,
            40.41654
          ],
          [
            -3.71286,
            40.41645
          ],
          [
            -3.71285,
            40.41644
          ],
          [
            -3.71284,
            40.41644
          ],
          [
            -3.7128,
            40.4164
          ],
          [
            -3.71278,
            40.41636
          ],
          [
            -3.71275,
            40.41632
          ],
          [
            -3.71273,
            40.4163
          ],
          [
            -3.71273,
            40.41629
          ],
          [
            -3.71272,
            40.41628
          ],
          [
            -3.7127,
            40.41624
          ],
          [
            -3.71265,
            40.41607
          ],
          [
            -3.71264,
            40.41603
          ],
          [
            -3.71261,
            40.41596
          ],
          [
            -3.71259,
            40.41587
          ],
          [
            -3.71258,
            40.41583
          ],
          [
            -3.71257,
            40.41574
          ],
          [
            -3.71256,
            40.41564
          ],
          [
            -3.71255,
            40.4156
          ],
          [
            -3.71255,
            40.41547
          ],
          [
            -3.71255,
            40.41546
          ],
          [
            -3.71254,
            40.41536
          ],
          [
            -3.71254,
            40.41528
          ],
          [
            -3.71254,
            40.41521
          ],
          [
            -3.71268,
            40.41523
          ],
          [
            -3.71286,
            40.4152
          ],
          [
            -3.71294,
            40.41519
          ],
          [
            -3.71301,
            40.41518
          ],
          [
            -3.71314,
            40.41516
          ],
          [
            -3.71332,
            40.41514
          ],
          [
            -3.71337,
            40.41513
          ],
          [
            -3.71341,
            40.41513
          ],
          [
            -3.7134,
            40.41519
          ],
          [
            -3.71341,
            40.41519
          ],
          [
            -3.71361,
            40.4152
          ],
          [
            -3.71364,
            40.4152
          ],
          [
            -3.71362,
            40.41534
          ],
          [
            -3.71355,
            40.41548
          ],
          [
            -3.71353,
            40.41562
          ],
          [
            -3.71355,
            40.41565
          ],
          [
            -3.71356,
            40.41567
          ],
          [
            -3.71356,
            40.41569
          ],
          [
            -3.7135,
            40.41612
          ],
          [
            -3.7135,
            40.41614
          ],
          [
            -3.71349,
            40.41616
          ],
          [
            -3.71347,
            40.41617
          ],
          [
            -3.71344,
            40.41633
          ],
          [
            -3.71338,
            40.41642
          ],
          [
            -3.71338,
            40.41645
          ],
          [
            -3.71336,
            40.41662
          ],
          [
            -3.7133,
            40.41708
          ],
          [
            -3.7133,
            40.41713
          ],
          [
            -3.71329,
            40.41715
          ],
          [
            -3.71329,
            40.41716
          ],
          [
            -3.71328,
            40.41717
          ],
          [
            -3.71328,
            40.41718
          ],
          [
            -3.71327,
            40.41719
          ],
          [
            -3.71324,
            40.41723
          ],
          [
            -3.71324,
            40.41729
          ],
          [
            -3.71322,
            40.41744
          ],
          [
            -3.7132,
            40.41759
          ],
          [
            -3.71318,
            40.41776
          ],
          [
            -3.71317,
            40.41787
          ],
          [
            -3.71316,
            40.4179
          ],
          [
            -3.71315,
            40.41805
          ],
          [
            -3.71315,
            40.41806
          ],
          [
            -3.71313,
            40.41819
          ],
          [
            -3.71312,
            40.41836
          ],
          [
            -3.71312,
            40.41843
          ],
          [
            -3.7131,
            40.41859
          ],
          [
            -3.71308,
            40.41876
          ],
          [
            -3.71305,
            40.41894
          ],
          [
            -3.71304,
            40.41911
          ],
          [
            -3.71301,
            40.41931
          ],
          [
            -3.71299,
            40.41948
          ],
          [
            -3.71297,
            40.4196
          ],
          [
            -3.71302,
            40.41962
          ],
          [
            -3.71303,
            40.41965
          ],
          [
            -3.71305,
            40.41972
          ],
          [
            -3.7131,
            40.41987
          ],
          [
            -3.71311,
            40.41992
          ],
          [
            -3.7131,
            40.42003
          ],
          [
            -3.7131,
            40.42008
          ],
          [
            -3.7131,
            40.42026
          ],
          [
            -3.71308,
            40.42037
          ],
          [
            -3.71315,
            40.42038
          ],
          [
            -3.71328,
            40.42038
          ],
          [
            -3.71328,
            40.42035
          ],
          [
            -3.71344,
            40.42036
          ],
          [
            -3.71368,
            40.42038
          ],
          [
            -3.71369,
            40.42028
          ],
          [
            -3.71379,
            40.42028
          ],
          [
            -3.71424,
            40.42031
          ],
          [
            -3.71426,
            40.42015
          ],
          [
            -3.71426,
            40.42001
          ],
          [
            -3.71437,
            40.42001
          ],
          [
            -3.71437,
            40.42016
          ],
          [
            -3.71436,
            40.42032
          ],
          [
            -3.71476,
            40.42035
          ],
          [
            -3.71476,
            40.42038
          ],
          [
            -3.71476,
            40.42044
          ],
          [
            -3.71475,
            40.42056
          ],
          [
            -3.71475,
            40.42059
          ],
          [
            -3.71473,
            40.42065
          ],
          [
            -3.71463,
            40.42072
          ],
          [
            -3.71462,
            40.42073
          ],
          [
            -3.71458,
            40.42076
          ],
          [
            -3.71455,
            40.42078
          ],
          [
            -3.71445,
            40.42085
          ],
          [
            -3.71449,
            40.42089
          ],
          [
            -3.71522,
            40.42041
          ],
          [
            -3.71528,
            40.42038
          ],
          [
            -3.71531,
            40.42037
          ],
          [
            -3.71554,
            40.42019
          ],
          [
            -3.71558,
            40.42019
          ],
          [
            -3.71567,
            40.42018
          ],
          [
            -3.71574,
            40.42022
          ],
          [
            -3.71576,
            40.41994
          ],
          [
            -3.71577,
            40.41987
          ],
          [
            -3.71587,
            40.41987
          ],
          [
            -3.71593,
            40.41986
          ],
          [
            -3.71606,
            40.41982
          ],
          [
            -3.71617,
            40.41977
          ],
          [
            -3.71626,
            40.41974
          ],
          [
            -3.71629,
            40.41981
          ],
          [
            -3.71636,
            40.41978
          ],
          [
            -3.71647,
            40.41972
          ],
          [
            -3.7167,
            40.41957
          ],
          [
            -3.71664,
            40.41951
          ],
          [
            -3.71667,
            40.41949
          ],
          [
            -3.71669,
            40.41946
          ],
          [
            -3.71671,
            40.41937
          ],
          [
            -3.71673,
            40.41933
          ],
          [
            -3.71674,
            40.41929
          ],
          [
            -3.71675,
            40.41916
          ],
          [
            -3.71685,
            40.41913
          ],
          [
            -3.71687,
            40.4191
          ],
          [
            -3.71695,
            40.41901
          ],
          [
            -3.717,
            40.41895
          ],
          [
            -3.71711,
            40.41873
          ],
          [
            -3.71752,
            40.41876
          ],
          [
            -3.71776,
            40.41877
          ],
          [
            -3.71774,
            40.41875
          ],
          [
            -3.71774,
            40.41874
          ],
          [
            -3.71774,
            40.41872
          ],
          [
            -3.71773,
            40.41871
          ],
          [
            -3.71773,
            40.4187
          ],
          [
            -3.71773,
            40.41869
          ],
          [
            -3.71774,
            40.41867
          ],
          [
            -3.71774,
            40.41866
          ],
          [
            -3.71774,
            40.41865
          ],
          [
            -3.71775,
            40.41864
          ],
          [
            -3.71776,
            40.41861
          ],
          [
            -3.71778,
            40.41859
          ],
          [
            -3.71779,
            40.41858
          ],
          [
            -3.7178,
            40.41858
          ],
          [
            -3.7178,
            40.41857
          ],
          [
            -3.71783,
            40.41856
          ],
          [
            -3.71768,
            40.41841
          ],
          [
            -3.71763,
            40.41837
          ],
          [
            -3.71764,
            40.41835
          ],
          [
            -3.71768,
            40.41829
          ],
          [
            -3.7177,
            40.41825
          ],
          [
            -3.71773,
            40.4182
          ],
          [
            -3.71776,
            40.41815
          ],
          [
            -3.71778,
            40.41811
          ],
          [
            -3.71781,
            40.41807
          ],
          [
            -3.71785,
            40.41801
          ],
          [
            -3.71787,
            40.41796
          ],
          [
            -3.71785,
            40.41791
          ],
          [
            -3.71789,
            40.41792
          ],
          [
            -3.71796,
            40.41792
          ],
          [
            -3.71805,
            40.41792
          ],
          [
            -3.7182,
            40.41793
          ],
          [
            -3.7183,
            40.41794
          ],
          [
            -3.71844,
            40.41795
          ],
          [
            -3.71861,
            40.41796
          ],
          [
            -3.71898,
            40.41799
          ],
          [
            -3.71902,
            40.4181
          ],
          [
            -3.71906,
            40.41815
          ],
          [
            -3.71912,
            40.41822
          ],
          [
            -3.71923,
            40.41834
          ],
          [
            -3.71929,
            40.4184
          ],
          [
            -3.71941,
            40.41853
          ],
          [
            -3.71943,
            40.41855
          ],
          [
            -3.71945,
            40.41858
          ],
          [
            -3.71949,
            40.41864
          ],
          [
            -3.71954,
            40.41871
          ],
          [
            -3.71953,
            40.4188
          ],
          [
            -3.71958,
            40.4188
          ],
          [
            -3.71964,
            40.41879
          ],
          [
            -3.71969,
            40.41878
          ],
          [
            -3.71972,
            40.41876
          ],
          [
            -3.71974,
            40.41873
          ],
          [
            -3.71976,
            40.4187
          ],
          [
            -3.71977,
            40.41869
          ],
          [
            -3.71978,
            40.41868
          ],
          [
            -3.7198,
            40.41867
          ],
          [
            -3.71981,
            40.41867
          ],
          [
            -3.71982,
            40.41867
          ],
          [
            -3.71983,
            40.41867
          ],
          [
            -3.71984,
            40.41867
          ],
          [
            -3.71985,
            40.41867
          ],
          [
            -3.71986,
            40.41868
          ],
          [
            -3.71987,
            40.41869
          ],
          [
            -3.71987,
            40.4187
          ],
          [
            -3.71987,
            40.41871
          ],
          [
            -3.71987,
            40.41876
          ],
          [
            -3.71988,
            40.41877
          ],
          [
            -3.71989,
            40.4188
          ],
          [
            -3.71993,
            40.41881
          ],
          [
            -3.72,
            40.41881
          ],
          [
            -3.72006,
            40.41882
          ],
          [
            -3.72004,
            40.41899
          ],
          [
            -3.71999,
            40.41933
          ],
          [
            -3.71998,
            40.41943
          ],
          [
            -3.71996,
            40.41954
          ],
          [
            -3.71995,
            40.41963
          ],
          [
            -3.71995,
            40.41972
          ],
          [
            -3.71994,
            40.4198
          ],
          [
            -3.71994,
            40.41982
          ],
          [
            -3.71994,
            40.41991
          ],
          [
            -3.71998,
            40.41991
          ],
          [
            -3.72008,
            40.41991
          ],
          [
            -3.72008,
            40.4199
          ],
          [
            -3.72009,
            40.4199
          ],
          [
            -3.7201,
            40.4199
          ],
          [
            -3.72012,
            40.41989
          ],
          [
            -3.72012,
            40.41988
          ],
          [
            -3.72013,
            40.41988
          ],
          [
            -3.72013,
            40.41987
          ],
          [
            -3.72014,
            40.41983
          ],
          [
            -3.72015,
            40.4198
          ],
          [
            -3.72016,
            40.41978
          ],
          [
            -3.72017,
            40.41977
          ],
          [
            -3.72018,
            40.41976
          ],
          [
            -3.72019,
            40.41975
          ],
          [
            -3.72018,
            40.41974
          ],
          [
            -3.72025,
            40.41973
          ],
          [
            -3.72031,
            40.41972
          ],
          [
            -3.72033,
            40.41972
          ],
          [
            -3.72045,
            40.41978
          ],
          [
            -3.72045,
            40.41977
          ],
          [
            -3.72049,
            40.41979
          ],
          [
            -3.72054,
            40.41984
          ],
          [
            -3.72074,
            40.41991
          ],
          [
            -3.72087,
            40.42002
          ],
          [
            -3.72088,
            40.42005
          ],
          [
            -3.72092,
            40.42015
          ],
          [
            -3.72096,
            40.42024
          ],
          [
            -3.72093,
            40.4204
          ],
          [
            -3.72089,
            40.42046
          ],
          [
            -3.72086,
            40.42054
          ],
          [
            -3.72081,
            40.42058
          ],
          [
            -3.72076,
            40.42064
          ],
          [
            -3.72073,
            40.42065
          ],
          [
            -3.7207,
            40.42066
          ],
          [
            -3.72066,
            40.42066
          ],
          [
            -3.72054,
            40.42065
          ],
          [
            -3.72049,
            40.42065
          ],
          [
            -3.72049,
            40.42064
          ],
          [
            -3.72046,
            40.42064
          ]
        ]
      },
      "properties": {
        "title": "Madrid royal",
        "visible": false,
        "stroke": "#1267ff",
        "stroke-width": 5,
        "group": 4100000002
      },
      "id": 452271753
    },
    {
      "type": "Feature",
      "geometry": {
        "type": "LineString",
        "coordinates": [
          [
            -3.70261,
            40.42918
          ],
          [
            -3.70261,
            40.42924
          ],
          [
            -3.70263,
            40.42924
          ],
          [
            -3.70262,
            40.42921
          ],
          [
            -3.70261,
            40.42912
          ],
          [
            -3.7026,
            40.42912
          ],
          [
            -3.70258,
            40.42906
          ],
          [
            -3.7026,
            40.42896
          ],
          [
            -3.70295,
            40.42902
          ],
          [
            -3.70311,
            40.42904
          ],
          [
            -3.70319,
            40.42905
          ],
          [
            -3.70322,
            40.42906
          ],
          [
            -3.70323,
            40.42901
          ],
          [
            -3.70324,
            40.42895
          ],
          [
            -3.70328,
            40.42877
          ],
          [
            -3.7033,
            40.4287
          ],
          [
            -3.70332,
            40.42866
          ],
          [
            -3.70329,
            40.42865
          ],
          [
            -3.7033,
            40.42859
          ],
          [
            -3.70329,
            40.42859
          ],
          [
            -3.70331,
            40.4285
          ],
          [
            -3.70332,
            40.42846
          ],
          [
            -3.70335,
            40.42828
          ],
          [
            -3.70339,
            40.42815
          ],
          [
            -3.7034,
            40.42805
          ],
          [
            -3.70342,
            40.42793
          ],
          [
            -3.70345,
            40.42776
          ],
          [
            -3.70346,
            40.42765
          ],
          [
            -3.70347,
            40.4276
          ],
          [
            -3.70346,
            40.4276
          ],
          [
            -3.70347,
            40.42758
          ],
          [
            -3.70349,
            40.42753
          ],
          [
            -3.7035,
            40.42753
          ],
          [
            -3.70355,
            40.4272
          ],
          [
            -3.70357,
            40.4271
          ],
          [
            -3.70358,
            40.42704
          ],
          [
            -3.70362,
            40.42696
          ],
          [
            -3.70363,
            40.4269
          ],
          [
            -3.70364,
            40.42686
          ],
          [
            -3.70364,
            40.42682
          ],
          [
            -3.70365,
            40.42677
          ],
          [
            -3.70365,
            40.42672
          ],
          [
            -3.70366,
            40.42669
          ],
          [
            -3.70366,
            40.42663
          ],
          [
            -3.70371,
            40.42632
          ],
          [
            -3.70318,
            40.42626
          ],
          [
            -3.70181,
            40.42613
          ],
          [
            -3.70174,
            40.42613
          ],
          [
            -3.70125,
            40.42608
          ],
          [
            -3.70115,
            40.42611
          ],
          [
            -3.70112,
            40.42607
          ],
          [
            -3.70092,
            40.42561
          ],
          [
            -3.7009,
            40.42555
          ],
          [
            -3.70088,
            40.42547
          ],
          [
            -3.70089,
            40.42542
          ],
          [
            -3.70078,
            40.42546
          ],
          [
            -3.70067,
            40.42551
          ],
          [
            -3.70049,
            40.42558
          ],
          [
            -3.70036,
            40.42565
          ],
          [
            -3.70029,
            40.4256
          ],
          [
            -3.70027,
            40.42558
          ],
          [
            -3.7002,
            40.4255
          ],
          [
            -3.70017,
            40.42545
          ],
          [
            -3.70013,
            40.4254
          ],
          [
            -3.70011,
            40.42537
          ],
          [
            -3.70009,
            40.42534
          ],
          [
            -3.70004,
            40.42528
          ],
          [
            -3.69999,
            40.42521
          ],
          [
            -3.69971,
            40.42533
          ],
          [
            -3.6997,
            40.42532
          ],
          [
            -3.69969,
            40.42533
          ],
          [
            -3.69964,
            40.42536
          ],
          [
            -3.69963,
            40.42536
          ],
          [
            -3.69965,
            40.42537
          ],
          [
            -3.69961,
            40.42539
          ],
          [
            -3.69956,
            40.42541
          ],
          [
            -3.6987,
            40.42579
          ],
          [
            -3.69869,
            40.42578
          ],
          [
            -3.69863,
            40.42582
          ],
          [
            -3.69865,
            40.42583
          ],
          [
            -3.69769,
            40.42627
          ],
          [
            -3.69739,
            40.42604
          ],
          [
            -3.69724,
            40.42592
          ],
          [
            -3.69726,
            40.4259
          ],
          [
            -3.69718,
            40.42586
          ],
          [
            -3.69725,
            40.42577
          ],
          [
            -3.6973,
            40.4257
          ],
          [
            -3.69772,
            40.42506
          ],
          [
            -3.6977,
            40.42505
          ],
          [
            -3.6977,
            40.42504
          ],
          [
            -3.69774,
            40.42501
          ],
          [
            -3.69776,
            40.42501
          ],
          [
            -3.69792,
            40.42475
          ],
          [
            -3.69797,
            40.42469
          ],
          [
            -3.69805,
            40.42456
          ],
          [
            -3.6982,
            40.42433
          ],
          [
            -3.69826,
            40.42435
          ],
          [
            -3.69813,
            40.42456
          ],
          [
            -3.69819,
            40.42456
          ],
          [
            -3.69836,
            40.42454
          ],
          [
            -3.69843,
            40.42453
          ],
          [
            -3.69851,
            40.42452
          ],
          [
            -3.69921,
            40.42443
          ],
          [
            -3.69927,
            40.42442
          ],
          [
            -3.69931,
            40.42441
          ],
          [
            -3.69943,
            40.4244
          ],
          [
            -3.69946,
            40.42441
          ],
          [
            -3.69949,
            40.42442
          ],
          [
            -3.69966,
            40.42451
          ],
          [
            -3.69969,
            40.42452
          ],
          [
            -3.69973,
            40.42452
          ],
          [
            -3.69982,
            40.4245
          ],
          [
            -3.69991,
            40.4245
          ],
          [
            -3.70053,
            40.42436
          ],
          [
            -3.70062,
            40.42434
          ],
          [
            -3.70061,
            40.42431
          ],
          [
            -3.70062,
            40.42424
          ],
          [
            -3.7006,
            40.42395
          ],
          [
            -3.7006,
            40.42394
          ],
          [
            -3.7006,
            40.42391
          ],
          [
            -3.7006,
            40.42385
          ],
          [
            -3.7006,
            40.42382
          ],
          [
            -3.7007,
            40.42382
          ],
          [
            -3.70147,
            40.42385
          ],
          [
            -3.70156,
            40.42386
          ],
          [
            -3.70206,
            40.42387
          ],
          [
            -3.70216,
            40.42389
          ],
          [
            -3.70223,
            40.42389
          ],
          [
            -3.70225,
            40.42389
          ],
          [
            -3.70228,
            40.42389
          ],
          [
            -3.70231,
            40.42388
          ],
          [
            -3.70233,
            40.42387
          ],
          [
            -3.70234,
            40.42387
          ],
          [
            -3.70236,
            40.42385
          ],
          [
            -3.70238,
            40.42383
          ],
          [
            -3.70241,
            40.4238
          ],
          [
            -3.7025,
            40.42366
          ],
          [
            -3.70253,
            40.42362
          ],
          [
            -3.70273,
            40.42338
          ],
          [
            -3.70293,
            40.42318
          ],
          [
            -3.70308,
            40.42307
          ],
          [
            -3.70316,
            40.42301
          ],
          [
            -3.70326,
            40.42293
          ],
          [
            -3.70335,
            40.42288
          ],
          [
            -3.70372,
            40.42263
          ],
          [
            -3.70377,
            40.42259
          ],
          [
            -3.70391,
            40.42249
          ],
          [
            -3.70401,
            40.42241
          ],
          [
            -3.70411,
            40.42237
          ],
          [
            -3.70455,
            40.42196
          ],
          [
            -3.70461,
            40.4219
          ],
          [
            -3.70491,
            40.42161
          ],
          [
            -3.70502,
            40.4215
          ],
          [
            -3.70508,
            40.42147
          ],
          [
            -3.70503,
            40.42143
          ],
          [
            -3.70508,
            40.42141
          ],
          [
            -3.70517,
            40.42137
          ],
          [
            -3.70529,
            40.42133
          ],
          [
            -3.70532,
            40.4213
          ],
          [
            -3.70536,
            40.42126
          ],
          [
            -3.70546,
            40.42119
          ],
          [
            -3.70551,
            40.42113
          ],
          [
            -3.70558,
            40.42108
          ],
          [
            -3.70562,
            40.42103
          ],
          [
            -3.70568,
            40.42099
          ],
          [
            -3.7058,
            40.42092
          ],
          [
            -3.70602,
            40.42079
          ],
          [
            -3.70612,
            40.42072
          ],
          [
            -3.70615,
            40.4207
          ],
          [
            -3.70618,
            40.42069
          ],
          [
            -3.70629,
            40.42066
          ],
          [
            -3.70633,
            40.42064
          ],
          [
            -3.70647,
            40.42051
          ],
          [
            -3.70617,
            40.42032
          ],
          [
            -3.70606,
            40.42024
          ],
          [
            -3.70602,
            40.42022
          ],
          [
            -3.70599,
            40.42022
          ],
          [
            -3.70596,
            40.42021
          ],
          [
            -3.70594,
            40.42021
          ],
          [
            -3.70592,
            40.42021
          ],
          [
            -3.70589,
            40.4202
          ],
          [
            -3.70587,
            40.4202
          ],
          [
            -3.70574,
            40.42019
          ],
          [
            -3.70555,
            40.42022
          ],
          [
            -3.70552,
            40.42021
          ],
          [
            -3.70528,
            40.4202
          ],
          [
            -3.70519,
            40.42017
          ],
          [
            -3.70516,
            40.42017
          ],
          [
            -3.70506,
            40.42016
          ],
          [
            -3.70487,
            40.42015
          ],
          [
            -3.70481,
            40.42014
          ],
          [
            -3.7047,
            40.42014
          ],
          [
            -3.70459,
            40.42013
          ],
          [
            -3.70455,
            40.42012
          ],
          [
            -3.70434,
            40.42011
          ],
          [
            -3.70408,
            40.42009
          ],
          [
            -3.70398,
            40.42009
          ],
          [
            -3.70391,
            40.42009
          ],
          [
            -3.70347,
            40.42006
          ],
          [
            -3.70349,
            40.42003
          ],
          [
            -3.70348,
            40.42002
          ],
          [
            -3.70344,
            40.42001
          ],
          [
            -3.70341,
            40.42001
          ],
          [
            -3.70339,
            40.42004
          ],
          [
            -3.70338,
            40.42006
          ],
          [
            -3.70305,
            40.42004
          ],
          [
            -3.70301,
            40.42003
          ],
          [
            -3.70292,
            40.42003
          ],
          [
            -3.70286,
            40.42002
          ],
          [
            -3.70274,
            40.42001
          ],
          [
            -3.70264,
            40.42001
          ],
          [
            -3.70248,
            40.42
          ],
          [
            -3.70233,
            40.42
          ],
          [
            -3.70211,
            40.41999
          ],
          [
            -3.70194,
            40.41997
          ],
          [
            -3.70184,
            40.41997
          ],
          [
            -3.70169,
            40.41996
          ],
          [
            -3.70166,
            40.41996
          ]
        ]
      },
      "properties": {
        "title": "Madrid tendance",
        "visible": false,
        "stroke": "#1267ff",
        "stroke-width": 5,
        "group": 4100000005
      },
      "id": 1017222741
    },
    {
      "type": "Feature",
      "geometry": {
        "type": "LineString",
        "coordinates": [
          [
            -3.71892,
            40.43459
          ],
          [
            -3.71911,
            40.43485
          ],
          [
            -3.71907,
            40.43486
          ],
          [
            -3.71918,
            40.435
          ],
          [
            -3.7192,
            40.43502
          ],
          [
            -3.71916,
            40.43504
          ],
          [
            -3.71907,
            40.43508
          ],
          [
            -3.71901,
            40.43511
          ],
          [
            -3.71897,
            40.43515
          ],
          [
            -3.71894,
            40.43519
          ],
          [
            -3.71893,
            40.43521
          ],
          [
            -3.71881,
            40.43534
          ],
          [
            -3.71877,
            40.43539
          ],
          [
            -3.71868,
            40.4355
          ],
          [
            -3.71858,
            40.43549
          ],
          [
            -3.71852,
            40.43548
          ],
          [
            -3.71846,
            40.43549
          ],
          [
            -3.71845,
            40.43551
          ],
          [
            -3.71866,
            40.43554
          ],
          [
            -3.7187,
            40.43554
          ],
          [
            -3.71868,
            40.43564
          ],
          [
            -3.7189,
            40.43566
          ],
          [
            -3.71891,
            40.4357
          ],
          [
            -3.71892,
            40.43574
          ],
          [
            -3.71893,
            40.43576
          ],
          [
            -3.71895,
            40.43578
          ],
          [
            -3.71902,
            40.43592
          ],
          [
            -3.7191,
            40.43605
          ],
          [
            -3.71913,
            40.43608
          ],
          [
            -3.71915,
            40.4361
          ],
          [
            -3.7192,
            40.43613
          ],
          [
            -3.71925,
            40.43616
          ],
          [
            -3.71931,
            40.4362
          ],
          [
            -3.7195,
            40.4363
          ],
          [
            -3.71967,
            40.43641
          ],
          [
            -3.71964,
            40.43645
          ],
          [
            -3.71947,
            40.43637
          ],
          [
            -3.71944,
            40.43636
          ],
          [
            -3.71935,
            40.43638
          ],
          [
            -3.71944,
            40.43642
          ],
          [
            -3.71961,
            40.4365
          ],
          [
            -3.71964,
            40.43645
          ],
          [
            -3.71967,
            40.43641
          ],
          [
            -3.72006,
            40.43661
          ],
          [
            -3.72048,
            40.43683
          ],
          [
            -3.72066,
            40.43692
          ],
          [
            -3.72085,
            40.43702
          ],
          [
            -3.72103,
            40.43712
          ],
          [
            -3.72105,
            40.43712
          ],
          [
            -3.72117,
            40.43718
          ],
          [
            -3.72125,
            40.43721
          ],
          [
            -3.72131,
            40.43723
          ],
          [
            -3.72133,
            40.43741
          ],
          [
            -3.72133,
            40.43747
          ],
          [
            -3.72135,
            40.43756
          ],
          [
            -3.72166,
            40.43758
          ],
          [
            -3.72171,
            40.43759
          ],
          [
            -3.72174,
            40.4376
          ],
          [
            -3.72178,
            40.43761
          ],
          [
            -3.72182,
            40.43762
          ],
          [
            -3.7219,
            40.43765
          ],
          [
            -3.72206,
            40.43771
          ],
          [
            -3.72221,
            40.4378
          ],
          [
            -3.72227,
            40.43783
          ],
          [
            -3.72234,
            40.43788
          ],
          [
            -3.72261,
            40.43804
          ],
          [
            -3.72274,
            40.43813
          ],
          [
            -3.72283,
            40.4381
          ],
          [
            -3.7229,
            40.43806
          ],
          [
            -3.7229,
            40.43805
          ],
          [
            -3.72291,
            40.43805
          ],
          [
            -3.72292,
            40.43805
          ],
          [
            -3.72297,
            40.43808
          ],
          [
            -3.72303,
            40.43811
          ],
          [
            -3.7231,
            40.43814
          ],
          [
            -3.72312,
            40.43815
          ],
          [
            -3.7232,
            40.43819
          ],
          [
            -3.72328,
            40.43823
          ],
          [
            -3.72345,
            40.43832
          ],
          [
            -3.72367,
            40.43838
          ],
          [
            -3.72373,
            40.43839
          ],
          [
            -3.72378,
            40.43841
          ],
          [
            -3.72386,
            40.43843
          ],
          [
            -3.72392,
            40.43839
          ],
          [
            -3.72404,
            40.43848
          ],
          [
            -3.72407,
            40.4385
          ],
          [
            -3.72421,
            40.4386
          ],
          [
            -3.72421,
            40.43861
          ],
          [
            -3.72431,
            40.43868
          ],
          [
            -3.72437,
            40.43873
          ],
          [
            -3.72444,
            40.43879
          ],
          [
            -3.72448,
            40.43882
          ],
          [
            -3.7246,
            40.43891
          ],
          [
            -3.72467,
            40.43896
          ],
          [
            -3.7247,
            40.43898
          ],
          [
            -3.72477,
            40.43904
          ],
          [
            -3.72487,
            40.43911
          ],
          [
            -3.725,
            40.43921
          ],
          [
            -3.72511,
            40.43929
          ],
          [
            -3.7252,
            40.43936
          ],
          [
            -3.72528,
            40.43941
          ],
          [
            -3.72538,
            40.43949
          ],
          [
            -3.7254,
            40.43951
          ],
          [
            -3.72545,
            40.43954
          ],
          [
            -3.72556,
            40.4396
          ],
          [
            -3.72562,
            40.43964
          ],
          [
            -3.72564,
            40.43965
          ],
          [
            -3.7257,
            40.43968
          ],
          [
            -3.72575,
            40.43972
          ],
          [
            -3.72586,
            40.43974
          ],
          [
            -3.72593,
            40.43975
          ],
          [
            -3.726,
            40.43975
          ],
          [
            -3.72595,
            40.43972
          ],
          [
            -3.72591,
            40.43969
          ],
          [
            -3.72605,
            40.43968
          ],
          [
            -3.72612,
            40.43973
          ],
          [
            -3.72613,
            40.43971
          ],
          [
            -3.72614,
            40.43969
          ],
          [
            -3.72615,
            40.43968
          ],
          [
            -3.72616,
            40.43967
          ],
          [
            -3.72618,
            40.43965
          ],
          [
            -3.72619,
            40.43964
          ],
          [
            -3.7262,
            40.43963
          ],
          [
            -3.72622,
            40.43962
          ],
          [
            -3.72624,
            40.4396
          ],
          [
            -3.72626,
            40.43959
          ],
          [
            -3.72629,
            40.43957
          ],
          [
            -3.72633,
            40.43956
          ],
          [
            -3.72635,
            40.43955
          ],
          [
            -3.72648,
            40.43948
          ],
          [
            -3.72645,
            40.43942
          ],
          [
            -3.72643,
            40.43934
          ],
          [
            -3.72651,
            40.43935
          ],
          [
            -3.72652,
            40.4394
          ],
          [
            -3.72654,
            40.43945
          ],
          [
            -3.72664,
            40.43947
          ],
          [
            -3.7267,
            40.43948
          ],
          [
            -3.72675,
            40.4395
          ],
          [
            -3.7268,
            40.43953
          ],
          [
            -3.72685,
            40.43956
          ],
          [
            -3.72689,
            40.43959
          ],
          [
            -3.72691,
            40.43961
          ],
          [
            -3.72704,
            40.43958
          ],
          [
            -3.72702,
            40.43954
          ],
          [
            -3.72698,
            40.43951
          ],
          [
            -3.72664,
            40.43932
          ],
          [
            -3.72659,
            40.4393
          ],
          [
            -3.72653,
            40.43928
          ],
          [
            -3.72641,
            40.43932
          ],
          [
            -3.7264,
            40.43935
          ],
          [
            -3.72639,
            40.43935
          ],
          [
            -3.72639,
            40.43936
          ],
          [
            -3.72638,
            40.43936
          ],
          [
            -3.72636,
            40.43936
          ],
          [
            -3.72635,
            40.43937
          ],
          [
            -3.72634,
            40.43939
          ],
          [
            -3.72643,
            40.43934
          ],
          [
            -3.72647,
            40.43935
          ],
          [
            -3.72634,
            40.43942
          ],
          [
            -3.72632,
            40.43942
          ],
          [
            -3.72633,
            40.43939
          ],
          [
            -3.72629,
            40.43936
          ],
          [
            -3.72594,
            40.43911
          ],
          [
            -3.72561,
            40.43885
          ],
          [
            -3.72535,
            40.43865
          ],
          [
            -3.7252,
            40.43854
          ],
          [
            -3.7251,
            40.43846
          ],
          [
            -3.72496,
            40.43836
          ],
          [
            -3.72487,
            40.43828
          ],
          [
            -3.72473,
            40.43817
          ],
          [
            -3.72458,
            40.43807
          ],
          [
            -3.72447,
            40.43799
          ],
          [
            -3.72442,
            40.43796
          ],
          [
            -3.72438,
            40.43793
          ],
          [
            -3.72433,
            40.4379
          ],
          [
            -3.72427,
            40.43785
          ],
          [
            -3.72417,
            40.43782
          ],
          [
            -3.72408,
            40.43776
          ],
          [
            -3.724,
            40.4377
          ],
          [
            -3.72388,
            40.43762
          ],
          [
            -3.7235,
            40.43741
          ],
          [
            -3.7235,
            40.43737
          ],
          [
            -3.72352,
            40.43735
          ],
          [
            -3.72353,
            40.43734
          ],
          [
            -3.72356,
            40.43733
          ],
          [
            -3.72357,
            40.43733
          ],
          [
            -3.72358,
            40.43734
          ],
          [
            -3.72366,
            40.43731
          ],
          [
            -3.72364,
            40.43729
          ],
          [
            -3.72374,
            40.43725
          ],
          [
            -3.72366,
            40.43713
          ],
          [
            -3.72367,
            40.43713
          ],
          [
            -3.72369,
            40.43712
          ],
          [
            -3.72372,
            40.43711
          ],
          [
            -3.72372,
            40.4371
          ],
          [
            -3.72373,
            40.4371
          ],
          [
            -3.72373,
            40.43709
          ],
          [
            -3.72373,
            40.43708
          ],
          [
            -3.72372,
            40.43708
          ],
          [
            -3.72369,
            40.43705
          ],
          [
            -3.72367,
            40.43704
          ],
          [
            -3.72358,
            40.43701
          ],
          [
            -3.7235,
            40.43699
          ],
          [
            -3.72345,
            40.43698
          ],
          [
            -3.72342,
            40.43697
          ],
          [
            -3.7234,
            40.43696
          ],
          [
            -3.72338,
            40.43695
          ],
          [
            -3.72336,
            40.43695
          ],
          [
            -3.72335,
            40.43694
          ],
          [
            -3.72333,
            40.43693
          ],
          [
            -3.72331,
            40.43692
          ],
          [
            -3.72329,
            40.4369
          ],
          [
            -3.72328,
            40.43689
          ],
          [
            -3.72327,
            40.43687
          ],
          [
            -3.7232,
            40.43686
          ],
          [
            -3.72315,
            40.43687
          ],
          [
            -3.7231,
            40.43687
          ],
          [
            -3.72306,
            40.43687
          ],
          [
            -3.7229,
            40.43688
          ],
          [
            -3.72296,
            40.43686
          ],
          [
            -3.723,
            40.43684
          ],
          [
            -3.72305,
            40.4368
          ],
          [
            -3.72306,
            40.43679
          ],
          [
            -3.72306,
            40.43677
          ],
          [
            -3.72306,
            40.43673
          ],
          [
            -3.72304,
            40.43669
          ],
          [
            -3.723,
            40.43664
          ],
          [
            -3.72297,
            40.43663
          ],
          [
            -3.72299,
            40.43645
          ],
          [
            -3.72301,
            40.43628
          ],
          [
            -3.72301,
            40.4362
          ],
          [
            -3.72305,
            40.4362
          ],
          [
            -3.72307,
            40.43619
          ],
          [
            -3.72308,
            40.43619
          ],
          [
            -3.72309,
            40.43618
          ],
          [
            -3.7231,
            40.43617
          ],
          [
            -3.72311,
            40.43617
          ],
          [
            -3.72312,
            40.43616
          ],
          [
            -3.72312,
            40.43614
          ],
          [
            -3.72314,
            40.43612
          ],
          [
            -3.72314,
            40.43611
          ],
          [
            -3.72315,
            40.4361
          ],
          [
            -3.72317,
            40.43609
          ],
          [
            -3.72318,
            40.43608
          ],
          [
            -3.7232,
            40.43607
          ],
          [
            -3.72322,
            40.43607
          ],
          [
            -3.72324,
            40.43607
          ],
          [
            -3.72326,
            40.43607
          ],
          [
            -3.72329,
            40.43607
          ],
          [
            -3.7233,
            40.43607
          ],
          [
            -3.72334,
            40.43607
          ],
          [
            -3.72336,
            40.43607
          ],
          [
            -3.72339,
            40.43609
          ],
          [
            -3.72345,
            40.43612
          ],
          [
            -3.7235,
            40.43614
          ],
          [
            -3.7235,
            40.43615
          ],
          [
            -3.72352,
            40.43616
          ],
          [
            -3.7236,
            40.43619
          ],
          [
            -3.7237,
            40.43623
          ],
          [
            -3.72372,
            40.43621
          ],
          [
            -3.72375,
            40.43613
          ],
          [
            -3.72376,
            40.43608
          ],
          [
            -3.7238,
            40.43591
          ],
          [
            -3.72385,
            40.43573
          ],
          [
            -3.72379,
            40.43569
          ],
          [
            -3.72381,
            40.43567
          ],
          [
            -3.72385,
            40.43561
          ],
          [
            -3.72392,
            40.43553
          ],
          [
            -3.72394,
            40.43552
          ],
          [
            -3.72399,
            40.43548
          ],
          [
            -3.72412,
            40.4354
          ],
          [
            -3.7241,
            40.43536
          ],
          [
            -3.72401,
            40.43518
          ],
          [
            -3.72407,
            40.4351
          ],
          [
            -3.72414,
            40.43503
          ],
          [
            -3.72423,
            40.43496
          ],
          [
            -3.72432,
            40.43492
          ],
          [
            -3.72436,
            40.43489
          ],
          [
            -3.72451,
            40.43485
          ],
          [
            -3.72453,
            40.43484
          ],
          [
            -3.72463,
            40.43482
          ],
          [
            -3.72476,
            40.43482
          ],
          [
            -3.72481,
            40.43472
          ],
          [
            -3.72489,
            40.43458
          ],
          [
            -3.72491,
            40.43456
          ],
          [
            -3.72489,
            40.43451
          ],
          [
            -3.72488,
            40.43447
          ],
          [
            -3.72489,
            40.43441
          ],
          [
            -3.7249,
            40.4344
          ],
          [
            -3.72492,
            40.43437
          ],
          [
            -3.72494,
            40.43434
          ],
          [
            -3.72505,
            40.43426
          ],
          [
            -3.72521,
            40.43414
          ],
          [
            -3.72523,
            40.43412
          ],
          [
            -3.72537,
            40.434
          ],
          [
            -3.72547,
            40.43392
          ],
          [
            -3.72549,
            40.4339
          ],
          [
            -3.72551,
            40.43386
          ],
          [
            -3.72552,
            40.43382
          ],
          [
            -3.72551,
            40.43378
          ],
          [
            -3.72549,
            40.43375
          ],
          [
            -3.72539,
            40.43364
          ],
          [
            -3.72596,
            40.43335
          ],
          [
            -3.72616,
            40.43325
          ],
          [
            -3.72621,
            40.43322
          ],
          [
            -3.72629,
            40.43318
          ],
          [
            -3.72632,
            40.43316
          ],
          [
            -3.72636,
            40.43314
          ],
          [
            -3.7265,
            40.43307
          ],
          [
            -3.7269,
            40.43286
          ],
          [
            -3.72703,
            40.4328
          ],
          [
            -3.72705,
            40.43278
          ],
          [
            -3.72708,
            40.43275
          ],
          [
            -3.72711,
            40.43271
          ],
          [
            -3.72709,
            40.4327
          ],
          [
            -3.72704,
            40.43267
          ],
          [
            -3.72701,
            40.43265
          ],
          [
            -3.72699,
            40.43263
          ],
          [
            -3.72698,
            40.43262
          ],
          [
            -3.72704,
            40.4326
          ],
          [
            -3.72705,
            40.43259
          ],
          [
            -3.72705,
            40.4326
          ],
          [
            -3.72707,
            40.43261
          ],
          [
            -3.72709,
            40.43262
          ],
          [
            -3.72714,
            40.43265
          ],
          [
            -3.72716,
            40.4326
          ],
          [
            -3.72709,
            40.43257
          ],
          [
            -3.72717,
            40.43251
          ],
          [
            -3.72707,
            40.43237
          ],
          [
            -3.72703,
            40.43233
          ],
          [
            -3.72695,
            40.43224
          ],
          [
            -3.72692,
            40.4322
          ],
          [
            -3.72684,
            40.43212
          ],
          [
            -3.72681,
            40.43209
          ],
          [
            -3.7269,
            40.43205
          ],
          [
            -3.72711,
            40.43197
          ],
          [
            -3.72713,
            40.43196
          ],
          [
            -3.72753,
            40.43181
          ],
          [
            -3.72755,
            40.43174
          ],
          [
            -3.72755,
            40.4317
          ],
          [
            -3.72754,
            40.43159
          ],
          [
            -3.72754,
            40.43158
          ],
          [
            -3.72749,
            40.43148
          ],
          [
            -3.72745,
            40.43139
          ],
          [
            -3.72744,
            40.43133
          ],
          [
            -3.72744,
            40.43128
          ],
          [
            -3.72743,
            40.43122
          ],
          [
            -3.72743,
            40.43117
          ],
          [
            -3.72757,
            40.43105
          ],
          [
            -3.72759,
            40.43101
          ],
          [
            -3.7276,
            40.43097
          ],
          [
            -3.72759,
            40.43092
          ],
          [
            -3.72757,
            40.43087
          ],
          [
            -3.72757,
            40.43085
          ],
          [
            -3.72754,
            40.4308
          ],
          [
            -3.72745,
            40.43069
          ],
          [
            -3.72741,
            40.43064
          ],
          [
            -3.72737,
            40.43057
          ],
          [
            -3.72732,
            40.43051
          ],
          [
            -3.72728,
            40.43046
          ],
          [
            -3.72724,
            40.43042
          ],
          [
            -3.7272,
            40.43037
          ],
          [
            -3.72714,
            40.43031
          ],
          [
            -3.727,
            40.43017
          ],
          [
            -3.72697,
            40.43013
          ],
          [
            -3.72676,
            40.42996
          ],
          [
            -3.72669,
            40.42991
          ],
          [
            -3.72668,
            40.4299
          ],
          [
            -3.72662,
            40.42987
          ],
          [
            -3.72653,
            40.42978
          ],
          [
            -3.72652,
            40.42977
          ],
          [
            -3.7265,
            40.42975
          ],
          [
            -3.72639,
            40.42963
          ],
          [
            -3.72635,
            40.42959
          ],
          [
            -3.72625,
            40.42943
          ],
          [
            -3.72615,
            40.42928
          ],
          [
            -3.72609,
            40.42918
          ],
          [
            -3.72607,
            40.42913
          ],
          [
            -3.72604,
            40.42908
          ],
          [
            -3.72602,
            40.42902
          ],
          [
            -3.72599,
            40.42896
          ],
          [
            -3.72597,
            40.4289
          ],
          [
            -3.72596,
            40.42887
          ],
          [
            -3.72592,
            40.42874
          ],
          [
            -3.72587,
            40.42855
          ],
          [
            -3.72582,
            40.42849
          ],
          [
            -3.72572,
            40.42838
          ],
          [
            -3.72551,
            40.42818
          ],
          [
            -3.72535,
            40.42805
          ],
          [
            -3.72522,
            40.42797
          ],
          [
            -3.72526,
            40.42806
          ],
          [
            -3.72527,
            40.42807
          ],
          [
            -3.72535,
            40.42823
          ],
          [
            -3.72535,
            40.42824
          ],
          [
            -3.72538,
            40.42829
          ],
          [
            -3.72541,
            40.42838
          ],
          [
            -3.72543,
            40.42844
          ],
          [
            -3.72545,
            40.42849
          ],
          [
            -3.72545,
            40.42854
          ],
          [
            -3.72545,
            40.42856
          ],
          [
            -3.72544,
            40.42857
          ],
          [
            -3.72543,
            40.42858
          ],
          [
            -3.7254,
            40.42859
          ],
          [
            -3.72537,
            40.42859
          ],
          [
            -3.72533,
            40.42858
          ],
          [
            -3.72528,
            40.42857
          ],
          [
            -3.72522,
            40.42855
          ],
          [
            -3.72521,
            40.42855
          ],
          [
            -3.7252,
            40.42855
          ],
          [
            -3.72511,
            40.42854
          ],
          [
            -3.72499,
            40.42853
          ],
          [
            -3.72498,
            40.42853
          ],
          [
            -3.72497,
            40.42853
          ],
          [
            -3.72483,
            40.42853
          ],
          [
            -3.72475,
            40.42854
          ],
          [
            -3.72472,
            40.42854
          ],
          [
            -3.72463,
            40.42857
          ],
          [
            -3.72452,
            40.42862
          ],
          [
            -3.72438,
            40.42848
          ],
          [
            -3.72425,
            40.42838
          ],
          [
            -3.72421,
            40.42835
          ],
          [
            -3.7241,
            40.42828
          ],
          [
            -3.72407,
            40.42827
          ],
          [
            -3.72404,
            40.42826
          ],
          [
            -3.72401,
            40.42826
          ],
          [
            -3.72405,
            40.42821
          ],
          [
            -3.72397,
            40.42807
          ],
          [
            -3.7239,
            40.42798
          ],
          [
            -3.72381,
            40.42787
          ],
          [
            -3.72368,
            40.42776
          ],
          [
            -3.72363,
            40.42771
          ],
          [
            -3.72357,
            40.42767
          ],
          [
            -3.72352,
            40.42765
          ],
          [
            -3.72332,
            40.42767
          ],
          [
            -3.72325,
            40.42769
          ],
          [
            -3.72323,
            40.42769
          ],
          [
            -3.72315,
            40.42772
          ],
          [
            -3.72304,
            40.42778
          ],
          [
            -3.72297,
            40.42782
          ],
          [
            -3.72291,
            40.4278
          ],
          [
            -3.72285,
            40.42774
          ],
          [
            -3.72283,
            40.42772
          ],
          [
            -3.72279,
            40.42759
          ],
          [
            -3.72278,
            40.42754
          ],
          [
            -3.72276,
            40.42746
          ],
          [
            -3.72266,
            40.42745
          ],
          [
            -3.72259,
            40.42744
          ],
          [
            -3.72249,
            40.42742
          ],
          [
            -3.72238,
            40.42741
          ],
          [
            -3.72235,
            40.42741
          ],
          [
            -3.72234,
            40.42741
          ],
          [
            -3.72229,
            40.42742
          ],
          [
            -3.72225,
            40.42743
          ],
          [
            -3.72221,
            40.42735
          ],
          [
            -3.72217,
            40.42729
          ],
          [
            -3.72217,
            40.42726
          ],
          [
            -3.72216,
            40.42723
          ],
          [
            -3.72212,
            40.4272
          ],
          [
            -3.72212,
            40.42718
          ],
          [
            -3.72214,
            40.42714
          ],
          [
            -3.72211,
            40.42713
          ],
          [
            -3.72204,
            40.42711
          ],
          [
            -3.72203,
            40.4271
          ],
          [
            -3.72193,
            40.42697
          ],
          [
            -3.72183,
            40.42686
          ],
          [
            -3.72179,
            40.42681
          ],
          [
            -3.72177,
            40.42676
          ],
          [
            -3.72177,
            40.42673
          ],
          [
            -3.72177,
            40.4267
          ],
          [
            -3.72175,
            40.42667
          ],
          [
            -3.72169,
            40.4266
          ],
          [
            -3.72167,
            40.42658
          ],
          [
            -3.72163,
            40.42654
          ],
          [
            -3.72159,
            40.42653
          ],
          [
            -3.72155,
            40.42652
          ],
          [
            -3.72149,
            40.42646
          ],
          [
            -3.72138,
            40.42632
          ],
          [
            -3.72129,
            40.42623
          ],
          [
            -3.72126,
            40.42619
          ],
          [
            -3.72125,
            40.42616
          ],
          [
            -3.72125,
            40.42614
          ],
          [
            -3.72125,
            40.42611
          ],
          [
            -3.72126,
            40.42609
          ],
          [
            -3.72122,
            40.42609
          ],
          [
            -3.72118,
            40.42608
          ],
          [
            -3.72115,
            40.42608
          ],
          [
            -3.72115,
            40.42605
          ],
          [
            -3.72113,
            40.42602
          ],
          [
            -3.72109,
            40.426
          ],
          [
            -3.72106,
            40.42598
          ],
          [
            -3.72105,
            40.42596
          ],
          [
            -3.72102,
            40.42593
          ],
          [
            -3.72099,
            40.42593
          ],
          [
            -3.72097,
            40.42591
          ],
          [
            -3.72096,
            40.4259
          ],
          [
            -3.72095,
            40.42588
          ],
          [
            -3.72093,
            40.42588
          ],
          [
            -3.72091,
            40.42587
          ],
          [
            -3.72087,
            40.42591
          ],
          [
            -3.72085,
            40.42593
          ],
          [
            -3.72084,
            40.42595
          ],
          [
            -3.72083,
            40.42598
          ],
          [
            -3.72082,
            40.426
          ],
          [
            -3.72081,
            40.42601
          ],
          [
            -3.72081,
            40.42602
          ],
          [
            -3.7208,
            40.42605
          ],
          [
            -3.7208,
            40.42609
          ],
          [
            -3.7208,
            40.42611
          ],
          [
            -3.7208,
            40.42614
          ],
          [
            -3.72081,
            40.42617
          ],
          [
            -3.72081,
            40.42619
          ],
          [
            -3.72097,
            40.42657
          ],
          [
            -3.721,
            40.42662
          ],
          [
            -3.721,
            40.42663
          ],
          [
            -3.72103,
            40.4267
          ],
          [
            -3.72105,
            40.42678
          ],
          [
            -3.72106,
            40.42683
          ],
          [
            -3.72106,
            40.42688
          ],
          [
            -3.72106,
            40.42692
          ],
          [
            -3.72106,
            40.42693
          ],
          [
            -3.72105,
            40.42695
          ],
          [
            -3.72102,
            40.42697
          ],
          [
            -3.72094,
            40.42701
          ],
          [
            -3.7208,
            40.42681
          ],
          [
            -3.72077,
            40.42675
          ],
          [
            -3.72069,
            40.42665
          ],
          [
            -3.72067,
            40.42662
          ],
          [
            -3.72052,
            40.42646
          ],
          [
            -3.72041,
            40.42636
          ],
          [
            -3.72012,
            40.42618
          ],
          [
            -3.71947,
            40.42584
          ],
          [
            -3.71919,
            40.42571
          ],
          [
            -3.71916,
            40.4257
          ],
          [
            -3.71912,
            40.42567
          ],
          [
            -3.71908,
            40.42563
          ],
          [
            -3.71905,
            40.42559
          ],
          [
            -3.719,
            40.4256
          ],
          [
            -3.71899,
            40.42559
          ],
          [
            -3.71899,
            40.42558
          ],
          [
            -3.71898,
            40.42558
          ],
          [
            -3.71897,
            40.42557
          ],
          [
            -3.71896,
            40.42557
          ],
          [
            -3.71895,
            40.42557
          ],
          [
            -3.71895,
            40.42556
          ],
          [
            -3.71894,
            40.42556
          ],
          [
            -3.71893,
            40.42556
          ],
          [
            -3.71892,
            40.42556
          ],
          [
            -3.71891,
            40.42556
          ],
          [
            -3.7189,
            40.42556
          ],
          [
            -3.71889,
            40.42556
          ],
          [
            -3.71889,
            40.42557
          ],
          [
            -3.71888,
            40.42557
          ],
          [
            -3.71887,
            40.42557
          ],
          [
            -3.71886,
            40.42558
          ],
          [
            -3.71885,
            40.42558
          ],
          [
            -3.71885,
            40.42559
          ],
          [
            -3.71873,
            40.42549
          ],
          [
            -3.71866,
            40.4255
          ],
          [
            -3.7186,
            40.42551
          ],
          [
            -3.7185,
            40.42551
          ],
          [
            -3.7182,
            40.42541
          ],
          [
            -3.71803,
            40.42537
          ],
          [
            -3.71781,
            40.42524
          ],
          [
            -3.71777,
            40.42523
          ],
          [
            -3.71763,
            40.4252
          ],
          [
            -3.71738,
            40.42516
          ],
          [
            -3.71733,
            40.42515
          ],
          [
            -3.7173,
            40.42514
          ],
          [
            -3.71706,
            40.42515
          ],
          [
            -3.71705,
            40.42517
          ],
          [
            -3.71701,
            40.42527
          ],
          [
            -3.71698,
            40.42532
          ],
          [
            -3.71693,
            40.42537
          ],
          [
            -3.71689,
            40.42541
          ],
          [
            -3.71684,
            40.42545
          ],
          [
            -3.71677,
            40.42548
          ],
          [
            -3.71673,
            40.4255
          ],
          [
            -3.71672,
            40.42549
          ],
          [
            -3.71672,
            40.4255
          ],
          [
            -3.71661,
            40.42555
          ],
          [
            -3.71654,
            40.42548
          ],
          [
            -3.7165,
            40.42543
          ],
          [
            -3.71637,
            40.42534
          ],
          [
            -3.71629,
            40.42525
          ],
          [
            -3.71622,
            40.42514
          ],
          [
            -3.71615,
            40.42507
          ],
          [
            -3.71604,
            40.42499
          ],
          [
            -3.71601,
            40.42496
          ],
          [
            -3.71594,
            40.42487
          ],
          [
            -3.71591,
            40.42483
          ],
          [
            -3.71589,
            40.42485
          ],
          [
            -3.71583,
            40.42478
          ],
          [
            -3.71587,
            40.42474
          ],
          [
            -3.71591,
            40.42473
          ],
          [
            -3.7158,
            40.42463
          ],
          [
            -3.71542,
            40.42426
          ],
          [
            -3.71523,
            40.42407
          ],
          [
            -3.71518,
            40.42402
          ],
          [
            -3.71516,
            40.42401
          ],
          [
            -3.71508,
            40.42392
          ],
          [
            -3.71492,
            40.42375
          ],
          [
            -3.71488,
            40.42372
          ],
          [
            -3.71481,
            40.42364
          ],
          [
            -3.71479,
            40.42362
          ],
          [
            -3.71443,
            40.42323
          ],
          [
            -3.71431,
            40.42313
          ],
          [
            -3.71426,
            40.42309
          ],
          [
            -3.71422,
            40.42307
          ],
          [
            -3.71417,
            40.42307
          ],
          [
            -3.7141,
            40.42302
          ],
          [
            -3.71407,
            40.42301
          ],
          [
            -3.71392,
            40.42291
          ],
          [
            -3.71389,
            40.42289
          ],
          [
            -3.71386,
            40.42284
          ],
          [
            -3.71381,
            40.42285
          ],
          [
            -3.71362,
            40.42286
          ],
          [
            -3.71352,
            40.42287
          ],
          [
            -3.71344,
            40.42287
          ],
          [
            -3.71338,
            40.42288
          ],
          [
            -3.7133,
            40.42288
          ],
          [
            -3.71311,
            40.4229
          ],
          [
            -3.71304,
            40.42292
          ],
          [
            -3.71294,
            40.42293
          ],
          [
            -3.71285,
            40.42296
          ],
          [
            -3.71264,
            40.42301
          ],
          [
            -3.71255,
            40.42303
          ],
          [
            -3.71242,
            40.42307
          ],
          [
            -3.71227,
            40.42312
          ],
          [
            -3.71223,
            40.42313
          ],
          [
            -3.71213,
            40.42313
          ],
          [
            -3.71203,
            40.42315
          ],
          [
            -3.71196,
            40.42317
          ],
          [
            -3.7119,
            40.4232
          ],
          [
            -3.71176,
            40.42312
          ],
          [
            -3.71164,
            40.42319
          ],
          [
            -3.71118,
            40.42344
          ],
          [
            -3.71111,
            40.42339
          ],
          [
            -3.71107,
            40.42342
          ]
        ]
      },
      "properties": {
        "title": "Madrid panoramique",
        "visible": false,
        "stroke": "#1267ff",
        "stroke-width": 5,
        "group": 4100000003
      },
      "id": 2621895870
    },
    {
      "type": "Feature",
      "geometry": {
        "type": "LineString",
        "coordinates": [
          [
            -3.70348,
            40.41671
          ],
          [
            -3.70339,
            40.41672
          ],
          [
            -3.70334,
            40.41673
          ],
          [
            -3.70325,
            40.41674
          ],
          [
            -3.70319,
            40.41674
          ],
          [
            -3.70316,
            40.41674
          ],
          [
            -3.70307,
            40.41674
          ],
          [
            -3.70287,
            40.41675
          ],
          [
            -3.70235,
            40.41677
          ],
          [
            -3.70164,
            40.4167
          ],
          [
            -3.70077,
            40.41665
          ],
          [
            -3.70072,
            40.41664
          ],
          [
            -3.70072,
            40.41659
          ],
          [
            -3.70068,
            40.41654
          ],
          [
            -3.70061,
            40.41648
          ],
          [
            -3.70058,
            40.41647
          ],
          [
            -3.70052,
            40.41645
          ],
          [
            -3.70044,
            40.41644
          ],
          [
            -3.70043,
            40.41627
          ],
          [
            -3.70041,
            40.41603
          ],
          [
            -3.70032,
            40.41518
          ],
          [
            -3.70029,
            40.4151
          ],
          [
            -3.70028,
            40.41502
          ],
          [
            -3.7003,
            40.41496
          ],
          [
            -3.70032,
            40.41491
          ],
          [
            -3.70033,
            40.41488
          ],
          [
            -3.70033,
            40.41484
          ],
          [
            -3.70033,
            40.41479
          ],
          [
            -3.70032,
            40.41475
          ],
          [
            -3.70031,
            40.41472
          ],
          [
            -3.70029,
            40.41468
          ],
          [
            -3.70027,
            40.41464
          ],
          [
            -3.70024,
            40.4146
          ],
          [
            -3.70023,
            40.41457
          ],
          [
            -3.70045,
            40.41453
          ],
          [
            -3.70046,
            40.41454
          ],
          [
            -3.70071,
            40.41451
          ],
          [
            -3.70128,
            40.41446
          ],
          [
            -3.70134,
            40.41444
          ],
          [
            -3.70136,
            40.41442
          ],
          [
            -3.70139,
            40.41441
          ],
          [
            -3.70143,
            40.4144
          ],
          [
            -3.70182,
            40.41439
          ],
          [
            -3.70208,
            40.41439
          ],
          [
            -3.7022,
            40.41439
          ],
          [
            -3.70227,
            40.4144
          ],
          [
            -3.70227,
            40.41436
          ],
          [
            -3.70229,
            40.41432
          ],
          [
            -3.70232,
            40.41432
          ],
          [
            -3.70266,
            40.41441
          ],
          [
            -3.70292,
            40.41448
          ],
          [
            -3.70308,
            40.4145
          ],
          [
            -3.70312,
            40.41447
          ],
          [
            -3.70318,
            40.41442
          ],
          [
            -3.70326,
            40.41432
          ],
          [
            -3.70329,
            40.41428
          ],
          [
            -3.70338,
            40.41416
          ],
          [
            -3.70343,
            40.41408
          ],
          [
            -3.70346,
            40.41411
          ],
          [
            -3.70351,
            40.41413
          ],
          [
            -3.70355,
            40.41416
          ],
          [
            -3.70355,
            40.41413
          ],
          [
            -3.70355,
            40.41408
          ],
          [
            -3.70358,
            40.41402
          ],
          [
            -3.70361,
            40.41388
          ],
          [
            -3.70362,
            40.41382
          ],
          [
            -3.70363,
            40.41378
          ],
          [
            -3.70365,
            40.4137
          ],
          [
            -3.70367,
            40.41364
          ],
          [
            -3.7037,
            40.4135
          ],
          [
            -3.70376,
            40.41327
          ],
          [
            -3.70377,
            40.41316
          ],
          [
            -3.70382,
            40.41295
          ],
          [
            -3.70386,
            40.41277
          ],
          [
            -3.70387,
            40.41269
          ],
          [
            -3.70389,
            40.41262
          ],
          [
            -3.7039,
            40.41258
          ],
          [
            -3.70391,
            40.41254
          ],
          [
            -3.704,
            40.41254
          ],
          [
            -3.70412,
            40.41254
          ],
          [
            -3.70417,
            40.41253
          ],
          [
            -3.70428,
            40.41253
          ],
          [
            -3.70432,
            40.41254
          ],
          [
            -3.70444,
            40.41253
          ],
          [
            -3.70479,
            40.41257
          ],
          [
            -3.70483,
            40.41257
          ],
          [
            -3.70494,
            40.41262
          ],
          [
            -3.70496,
            40.41263
          ],
          [
            -3.705,
            40.41263
          ],
          [
            -3.70503,
            40.41264
          ],
          [
            -3.70503,
            40.41267
          ],
          [
            -3.70509,
            40.41268
          ],
          [
            -3.7051,
            40.41264
          ],
          [
            -3.70516,
            40.41265
          ],
          [
            -3.70525,
            40.41268
          ],
          [
            -3.70536,
            40.41271
          ],
          [
            -3.70548,
            40.41276
          ],
          [
            -3.7055,
            40.41277
          ],
          [
            -3.70554,
            40.41278
          ],
          [
            -3.70579,
            40.41286
          ],
          [
            -3.70585,
            40.41287
          ],
          [
            -3.70627,
            40.41301
          ],
          [
            -3.70636,
            40.41304
          ],
          [
            -3.70636,
            40.41308
          ],
          [
            -3.70639,
            40.41309
          ],
          [
            -3.7065,
            40.41312
          ],
          [
            -3.7065,
            40.41309
          ],
          [
            -3.70659,
            40.41312
          ],
          [
            -3.70662,
            40.41313
          ],
          [
            -3.70687,
            40.41321
          ],
          [
            -3.70695,
            40.41324
          ],
          [
            -3.70725,
            40.41334
          ],
          [
            -3.70738,
            40.41338
          ],
          [
            -3.70736,
            40.41344
          ],
          [
            -3.70737,
            40.41353
          ],
          [
            -3.70737,
            40.41356
          ],
          [
            -3.70737,
            40.41361
          ],
          [
            -3.70741,
            40.41359
          ],
          [
            -3.70746,
            40.41364
          ],
          [
            -3.70747,
            40.41367
          ],
          [
            -3.70752,
            40.41365
          ],
          [
            -3.70751,
            40.41364
          ],
          [
            -3.70752,
            40.41364
          ],
          [
            -3.70754,
            40.41363
          ],
          [
            -3.70757,
            40.41363
          ],
          [
            -3.7076,
            40.41363
          ],
          [
            -3.70764,
            40.41363
          ],
          [
            -3.70768,
            40.41363
          ],
          [
            -3.70778,
            40.41364
          ],
          [
            -3.70784,
            40.41365
          ],
          [
            -3.7079,
            40.41367
          ],
          [
            -3.708,
            40.4137
          ],
          [
            -3.7082,
            40.41376
          ],
          [
            -3.70827,
            40.4138
          ],
          [
            -3.70832,
            40.41381
          ],
          [
            -3.70835,
            40.41382
          ],
          [
            -3.70839,
            40.41383
          ],
          [
            -3.70843,
            40.41384
          ],
          [
            -3.70849,
            40.41384
          ],
          [
            -3.7087,
            40.41382
          ],
          [
            -3.70878,
            40.41381
          ],
          [
            -3.7088,
            40.41383
          ],
          [
            -3.70884,
            40.41386
          ],
          [
            -3.70888,
            40.41388
          ],
          [
            -3.70892,
            40.4139
          ],
          [
            -3.70896,
            40.41392
          ],
          [
            -3.70902,
            40.41395
          ],
          [
            -3.70908,
            40.41397
          ],
          [
            -3.70912,
            40.41399
          ],
          [
            -3.70916,
            40.41401
          ],
          [
            -3.70929,
            40.41406
          ],
          [
            -3.70937,
            40.41408
          ],
          [
            -3.7095,
            40.41412
          ],
          [
            -3.70961,
            40.41414
          ],
          [
            -3.70971,
            40.41416
          ],
          [
            -3.70981,
            40.41418
          ],
          [
            -3.70986,
            40.41419
          ],
          [
            -3.7099,
            40.4142
          ],
          [
            -3.70994,
            40.41421
          ],
          [
            -3.71008,
            40.41423
          ],
          [
            -3.7101,
            40.41424
          ],
          [
            -3.71018,
            40.41426
          ],
          [
            -3.71023,
            40.41427
          ],
          [
            -3.71027,
            40.41428
          ],
          [
            -3.71032,
            40.41431
          ],
          [
            -3.71037,
            40.41433
          ],
          [
            -3.71036,
            40.41438
          ],
          [
            -3.71035,
            40.4144
          ],
          [
            -3.71033,
            40.41457
          ],
          [
            -3.71033,
            40.41459
          ],
          [
            -3.71032,
            40.41475
          ],
          [
            -3.71032,
            40.41476
          ],
          [
            -3.7103,
            40.41488
          ],
          [
            -3.7103,
            40.41492
          ],
          [
            -3.71029,
            40.41497
          ],
          [
            -3.71048,
            40.41497
          ],
          [
            -3.71054,
            40.4152
          ],
          [
            -3.71061,
            40.41545
          ],
          [
            -3.7105,
            40.41548
          ],
          [
            -3.71026,
            40.41552
          ],
          [
            -3.71019,
            40.41554
          ],
          [
            -3.71015,
            40.41555
          ],
          [
            -3.71001,
            40.41558
          ],
          [
            -3.70959,
            40.41569
          ],
          [
            -3.7095,
            40.41572
          ],
          [
            -3.70939,
            40.41544
          ],
          [
            -3.70935,
            40.41542
          ],
          [
            -3.70899,
            40.41549
          ],
          [
            -3.7088,
            40.41554
          ],
          [
            -3.70874,
            40.41559
          ],
          [
            -3.70877,
            40.41577
          ],
          [
            -3.70878,
            40.41581
          ],
          [
            -3.70862,
            40.41578
          ],
          [
            -3.7086,
            40.41578
          ],
          [
            -3.70827,
            40.41571
          ],
          [
            -3.70818,
            40.41569
          ],
          [
            -3.70814,
            40.41568
          ],
          [
            -3.70811,
            40.41568
          ],
          [
            -3.70795,
            40.41563
          ],
          [
            -3.70787,
            40.41564
          ],
          [
            -3.70786,
            40.41554
          ],
          [
            -3.70786,
            40.41543
          ],
          [
            -3.70766,
            40.41544
          ],
          [
            -3.70747,
            40.41545
          ],
          [
            -3.70747,
            40.4154
          ],
          [
            -3.70746,
            40.41535
          ],
          [
            -3.70736,
            40.41536
          ],
          [
            -3.70727,
            40.41536
          ],
          [
            -3.70708,
            40.41537
          ],
          [
            -3.70709,
            40.41547
          ],
          [
            -3.70709,
            40.41552
          ],
          [
            -3.70709,
            40.41557
          ],
          [
            -3.7072,
            40.41557
          ],
          [
            -3.70729,
            40.41556
          ],
          [
            -3.7073,
            40.41566
          ],
          [
            -3.7073,
            40.41576
          ],
          [
            -3.7074,
            40.41576
          ],
          [
            -3.70745,
            40.41576
          ],
          [
            -3.7075,
            40.41575
          ],
          [
            -3.70766,
            40.41575
          ],
          [
            -3.70766,
            40.4158
          ],
          [
            -3.70767,
            40.4159
          ],
          [
            -3.70767,
            40.41598
          ],
          [
            -3.70767,
            40.41599
          ],
          [
            -3.70768,
            40.41608
          ],
          [
            -3.70769,
            40.41611
          ],
          [
            -3.70768,
            40.41611
          ],
          [
            -3.70768,
            40.41614
          ],
          [
            -3.7077,
            40.4162
          ],
          [
            -3.70788,
            40.41617
          ],
          [
            -3.70784,
            40.41622
          ],
          [
            -3.70779,
            40.41629
          ],
          [
            -3.70757,
            40.41656
          ],
          [
            -3.70744,
            40.41673
          ],
          [
            -3.70739,
            40.41679
          ],
          [
            -3.70735,
            40.41686
          ],
          [
            -3.70734,
            40.41687
          ],
          [
            -3.7073,
            40.41696
          ],
          [
            -3.70718,
            40.41722
          ],
          [
            -3.70715,
            40.4173
          ],
          [
            -3.70714,
            40.41734
          ],
          [
            -3.70707,
            40.41741
          ],
          [
            -3.70706,
            40.41743
          ],
          [
            -3.70703,
            40.41747
          ],
          [
            -3.70703,
            40.41748
          ],
          [
            -3.70699,
            40.41754
          ],
          [
            -3.70686,
            40.41772
          ],
          [
            -3.7068,
            40.41779
          ],
          [
            -3.70667,
            40.41797
          ],
          [
            -3.70664,
            40.41806
          ],
          [
            -3.70662,
            40.41809
          ],
          [
            -3.70657,
            40.41814
          ],
          [
            -3.70664,
            40.41815
          ],
          [
            -3.70667,
            40.41817
          ],
          [
            -3.70671,
            40.41819
          ],
          [
            -3.70674,
            40.41821
          ],
          [
            -3.70681,
            40.41818
          ],
          [
            -3.70688,
            40.41819
          ],
          [
            -3.70691,
            40.4182
          ],
          [
            -3.70705,
            40.41825
          ],
          [
            -3.7071,
            40.41826
          ],
          [
            -3.70714,
            40.41827
          ],
          [
            -3.70715,
            40.41827
          ],
          [
            -3.70717,
            40.41828
          ],
          [
            -3.70723,
            40.4183
          ],
          [
            -3.70727,
            40.41831
          ],
          [
            -3.70732,
            40.41829
          ],
          [
            -3.70734,
            40.41829
          ],
          [
            -3.70738,
            40.41829
          ],
          [
            -3.70746,
            40.41829
          ],
          [
            -3.70746,
            40.41831
          ],
          [
            -3.70739,
            40.41863
          ],
          [
            -3.70749,
            40.41864
          ],
          [
            -3.70755,
            40.41832
          ],
          [
            -3.70756,
            40.41828
          ],
          [
            -3.70763,
            40.41829
          ],
          [
            -3.70771,
            40.4183
          ],
          [
            -3.70777,
            40.4183
          ],
          [
            -3.70818,
            40.41835
          ],
          [
            -3.70824,
            40.41836
          ],
          [
            -3.70833,
            40.41837
          ],
          [
            -3.7084,
            40.41838
          ],
          [
            -3.70848,
            40.41841
          ],
          [
            -3.70852,
            40.41837
          ],
          [
            -3.70864,
            40.41841
          ],
          [
            -3.70878,
            40.41846
          ],
          [
            -3.70885,
            40.41848
          ],
          [
            -3.70896,
            40.41852
          ],
          [
            -3.709,
            40.41854
          ],
          [
            -3.70896,
            40.41856
          ],
          [
            -3.70903,
            40.41861
          ],
          [
            -3.70909,
            40.41857
          ],
          [
            -3.70909,
            40.41856
          ],
          [
            -3.70912,
            40.41854
          ],
          [
            -3.70916,
            40.41852
          ],
          [
            -3.70917,
            40.4185
          ],
          [
            -3.70918,
            40.41848
          ],
          [
            -3.7092,
            40.41844
          ],
          [
            -3.70934,
            40.41848
          ],
          [
            -3.70939,
            40.41849
          ],
          [
            -3.7094,
            40.41849
          ],
          [
            -3.70942,
            40.41849
          ],
          [
            -3.70953,
            40.41849
          ],
          [
            -3.70963,
            40.4185
          ],
          [
            -3.70964,
            40.4185
          ],
          [
            -3.70962,
            40.41853
          ],
          [
            -3.70968,
            40.41856
          ],
          [
            -3.70972,
            40.41851
          ],
          [
            -3.70976,
            40.41852
          ],
          [
            -3.70992,
            40.4186
          ],
          [
            -3.71005,
            40.41866
          ],
          [
            -3.7102,
            40.41874
          ],
          [
            -3.7103,
            40.41878
          ],
          [
            -3.71026,
            40.41882
          ],
          [
            -3.71029,
            40.41883
          ],
          [
            -3.71032,
            40.41885
          ],
          [
            -3.71035,
            40.41887
          ],
          [
            -3.71037,
            40.41885
          ],
          [
            -3.7104,
            40.41887
          ],
          [
            -3.71045,
            40.41891
          ],
          [
            -3.71064,
            40.41907
          ],
          [
            -3.71102,
            40.41938
          ],
          [
            -3.71114,
            40.41947
          ],
          [
            -3.71104,
            40.41952
          ],
          [
            -3.71086,
            40.41963
          ],
          [
            -3.71083,
            40.41968
          ],
          [
            -3.71086,
            40.41972
          ],
          [
            -3.71043,
            40.42
          ],
          [
            -3.71042,
            40.42
          ],
          [
            -3.7104,
            40.42001
          ],
          [
            -3.71042,
            40.42002
          ],
          [
            -3.71041,
            40.42003
          ],
          [
            -3.71037,
            40.42005
          ],
          [
            -3.71036,
            40.42004
          ],
          [
            -3.71034,
            40.42005
          ],
          [
            -3.7102,
            40.42015
          ],
          [
            -3.71013,
            40.4202
          ],
          [
            -3.70986,
            40.42038
          ],
          [
            -3.70988,
            40.4204
          ],
          [
            -3.70983,
            40.42044
          ],
          [
            -3.7098,
            40.42041
          ],
          [
            -3.70943,
            40.42066
          ],
          [
            -3.70937,
            40.42071
          ],
          [
            -3.70931,
            40.42068
          ],
          [
            -3.70926,
            40.42065
          ],
          [
            -3.70919,
            40.42061
          ],
          [
            -3.70912,
            40.42057
          ],
          [
            -3.70905,
            40.42054
          ],
          [
            -3.709,
            40.42053
          ],
          [
            -3.70895,
            40.42051
          ],
          [
            -3.70881,
            40.42048
          ],
          [
            -3.70859,
            40.42045
          ],
          [
            -3.70845,
            40.42046
          ],
          [
            -3.70827,
            40.42052
          ],
          [
            -3.70817,
            40.42051
          ],
          [
            -3.70769,
            40.42064
          ],
          [
            -3.7075,
            40.42069
          ],
          [
            -3.70724,
            40.42075
          ],
          [
            -3.70722,
            40.42076
          ],
          [
            -3.70706,
            40.42079
          ],
          [
            -3.70702,
            40.4208
          ],
          [
            -3.70696,
            40.42082
          ],
          [
            -3.70693,
            40.42083
          ],
          [
            -3.70689,
            40.42077
          ],
          [
            -3.70669,
            40.42064
          ],
          [
            -3.70651,
            40.42053
          ],
          [
            -3.70647,
            40.42051
          ],
          [
            -3.70633,
            40.42064
          ],
          [
            -3.70599,
            40.42043
          ],
          [
            -3.70596,
            40.42041
          ],
          [
            -3.70593,
            40.4204
          ],
          [
            -3.70591,
            40.4204
          ],
          [
            -3.7059,
            40.42039
          ],
          [
            -3.70589,
            40.42039
          ],
          [
            -3.70586,
            40.42039
          ],
          [
            -3.70584,
            40.42039
          ],
          [
            -3.7057,
            40.42038
          ]
        ]
      },
      "properties": {
        "title": "Au coeur de Madrid",
        "visible": false,
        "stroke": "#1267ff",
        "stroke-width": 5,
        "group": 4100000001
      },
      "id": 1119765708
    },
    {
      "type": "Feature",
      "geometry": {
        "type": "LineString",
        "coordinates": [
          [
            -3.68584,
            40.42077
          ],
          [
            -3.68589,
            40.42076
          ],
          [
            -3.68589,
            40.4208
          ],
          [
            -3.68589,
            40.42082
          ],
          [
            -3.68591,
            40.42082
          ],
          [
            -3.68596,
            40.42082
          ],
          [
            -3.68597,
            40.42083
          ],
          [
            -3.68597,
            40.4208
          ],
          [
            -3.68597,
            40.42076
          ],
          [
            -3.68598,
            40.42072
          ],
          [
            -3.68652,
            40.4206
          ],
          [
            -3.68665,
            40.42057
          ],
          [
            -3.68675,
            40.42055
          ],
          [
            -3.68684,
            40.42053
          ],
          [
            -3.68688,
            40.42052
          ],
          [
            -3.6869,
            40.42052
          ],
          [
            -3.68692,
            40.42051
          ],
          [
            -3.68695,
            40.42049
          ],
          [
            -3.68697,
            40.42048
          ],
          [
            -3.68705,
            40.42046
          ],
          [
            -3.68714,
            40.42044
          ],
          [
            -3.68715,
            40.42045
          ],
          [
            -3.68717,
            40.42047
          ],
          [
            -3.68718,
            40.42049
          ],
          [
            -3.68718,
            40.4205
          ],
          [
            -3.68731,
            40.42049
          ],
          [
            -3.68731,
            40.42046
          ],
          [
            -3.68728,
            40.42043
          ],
          [
            -3.68725,
            40.42039
          ],
          [
            -3.68734,
            40.42042
          ],
          [
            -3.68773,
            40.42034
          ],
          [
            -3.68785,
            40.42032
          ],
          [
            -3.68789,
            40.42031
          ],
          [
            -3.68802,
            40.42028
          ],
          [
            -3.68806,
            40.42027
          ],
          [
            -3.68795,
            40.41999
          ],
          [
            -3.68793,
            40.41993
          ],
          [
            -3.68789,
            40.41981
          ],
          [
            -3.68798,
            40.41967
          ],
          [
            -3.6879,
            40.41963
          ],
          [
            -3.68787,
            40.41962
          ],
          [
            -3.68784,
            40.41961
          ],
          [
            -3.68779,
            40.41951
          ],
          [
            -3.68779,
            40.4195
          ],
          [
            -3.68778,
            40.4195
          ],
          [
            -3.68768,
            40.41945
          ],
          [
            -3.68765,
            40.41944
          ],
          [
            -3.68763,
            40.41943
          ],
          [
            -3.6876,
            40.41942
          ],
          [
            -3.68756,
            40.4194
          ],
          [
            -3.68751,
            40.41938
          ],
          [
            -3.68725,
            40.41928
          ],
          [
            -3.68678,
            40.41907
          ],
          [
            -3.68665,
            40.41902
          ],
          [
            -3.68633,
            40.41887
          ],
          [
            -3.68567,
            40.41862
          ],
          [
            -3.68564,
            40.41858
          ],
          [
            -3.68562,
            40.41856
          ],
          [
            -3.68559,
            40.41853
          ],
          [
            -3.68555,
            40.41851
          ],
          [
            -3.68551,
            40.4185
          ],
          [
            -3.68546,
            40.41849
          ],
          [
            -3.68541,
            40.4185
          ],
          [
            -3.68531,
            40.41828
          ],
          [
            -3.68506,
            40.4177
          ],
          [
            -3.6848,
            40.41703
          ],
          [
            -3.68478,
            40.41698
          ],
          [
            -3.68474,
            40.41685
          ],
          [
            -3.68459,
            40.41643
          ],
          [
            -3.68458,
            40.41641
          ],
          [
            -3.68446,
            40.41606
          ],
          [
            -3.68445,
            40.41605
          ],
          [
            -3.68439,
            40.41587
          ],
          [
            -3.68432,
            40.4157
          ],
          [
            -3.68428,
            40.41555
          ],
          [
            -3.68423,
            40.41558
          ],
          [
            -3.68422,
            40.41558
          ],
          [
            -3.68421,
            40.41558
          ],
          [
            -3.6842,
            40.41558
          ],
          [
            -3.68419,
            40.41557
          ],
          [
            -3.68418,
            40.41557
          ],
          [
            -3.68417,
            40.41557
          ],
          [
            -3.68416,
            40.41557
          ],
          [
            -3.68415,
            40.41556
          ],
          [
            -3.68414,
            40.41556
          ],
          [
            -3.68413,
            40.41556
          ],
          [
            -3.68412,
            40.41555
          ],
          [
            -3.68411,
            40.41555
          ],
          [
            -3.6841,
            40.41554
          ],
          [
            -3.68409,
            40.41554
          ],
          [
            -3.68409,
            40.41553
          ],
          [
            -3.68408,
            40.41552
          ],
          [
            -3.68407,
            40.41552
          ],
          [
            -3.68407,
            40.41551
          ],
          [
            -3.68406,
            40.41551
          ],
          [
            -3.68406,
            40.4155
          ],
          [
            -3.68405,
            40.41549
          ],
          [
            -3.68405,
            40.41548
          ],
          [
            -3.68404,
            40.41548
          ],
          [
            -3.68404,
            40.41547
          ],
          [
            -3.68404,
            40.41546
          ],
          [
            -3.68403,
            40.41544
          ],
          [
            -3.68402,
            40.41545
          ],
          [
            -3.68384,
            40.41533
          ],
          [
            -3.68366,
            40.41521
          ],
          [
            -3.68348,
            40.41509
          ],
          [
            -3.68331,
            40.41497
          ],
          [
            -3.68318,
            40.41488
          ],
          [
            -3.68313,
            40.41485
          ],
          [
            -3.68306,
            40.4148
          ],
          [
            -3.68299,
            40.41476
          ],
          [
            -3.68281,
            40.41464
          ],
          [
            -3.6825,
            40.41445
          ],
          [
            -3.68238,
            40.4146
          ],
          [
            -3.68229,
            40.41443
          ],
          [
            -3.68221,
            40.41427
          ],
          [
            -3.68213,
            40.4141
          ],
          [
            -3.68206,
            40.41396
          ],
          [
            -3.68193,
            40.414
          ],
          [
            -3.68186,
            40.41381
          ],
          [
            -3.68179,
            40.41364
          ],
          [
            -3.68177,
            40.41359
          ],
          [
            -3.68177,
            40.41355
          ],
          [
            -3.68177,
            40.41353
          ],
          [
            -3.68177,
            40.4135
          ],
          [
            -3.68178,
            40.41346
          ],
          [
            -3.6818,
            40.41338
          ],
          [
            -3.68184,
            40.41328
          ],
          [
            -3.68213,
            40.41336
          ],
          [
            -3.6822,
            40.41339
          ],
          [
            -3.68222,
            40.4134
          ],
          [
            -3.68228,
            40.41341
          ],
          [
            -3.68238,
            40.4134
          ],
          [
            -3.68247,
            40.41339
          ],
          [
            -3.68255,
            40.41339
          ],
          [
            -3.68259,
            40.41338
          ],
          [
            -3.68263,
            40.41337
          ],
          [
            -3.6827,
            40.41336
          ],
          [
            -3.68278,
            40.41358
          ],
          [
            -3.6828,
            40.41364
          ],
          [
            -3.6828,
            40.4137
          ],
          [
            -3.68313,
            40.41383
          ],
          [
            -3.68337,
            40.41385
          ],
          [
            -3.68345,
            40.41384
          ],
          [
            -3.68356,
            40.41381
          ],
          [
            -3.68367,
            40.41407
          ],
          [
            -3.68376,
            40.41408
          ],
          [
            -3.68411,
            40.41424
          ],
          [
            -3.68441,
            40.41437
          ],
          [
            -3.6849,
            40.41457
          ],
          [
            -3.68499,
            40.41455
          ],
          [
            -3.68513,
            40.41455
          ],
          [
            -3.68517,
            40.41457
          ],
          [
            -3.6852,
            40.41457
          ],
          [
            -3.68523,
            40.41459
          ],
          [
            -3.68529,
            40.41462
          ],
          [
            -3.68532,
            40.41465
          ],
          [
            -3.68553,
            40.41482
          ],
          [
            -3.68581,
            40.41509
          ],
          [
            -3.68597,
            40.41523
          ],
          [
            -3.686,
            40.41534
          ],
          [
            -3.68602,
            40.41545
          ],
          [
            -3.68603,
            40.41548
          ],
          [
            -3.68605,
            40.4155
          ],
          [
            -3.68608,
            40.41553
          ],
          [
            -3.68612,
            40.41557
          ],
          [
            -3.68617,
            40.41561
          ],
          [
            -3.68622,
            40.41565
          ],
          [
            -3.68628,
            40.4157
          ],
          [
            -3.68631,
            40.41573
          ],
          [
            -3.68634,
            40.41576
          ],
          [
            -3.68636,
            40.41581
          ],
          [
            -3.68637,
            40.41585
          ],
          [
            -3.68638,
            40.41589
          ],
          [
            -3.68637,
            40.41595
          ],
          [
            -3.68636,
            40.416
          ],
          [
            -3.68635,
            40.41604
          ],
          [
            -3.68634,
            40.4161
          ],
          [
            -3.68634,
            40.41613
          ],
          [
            -3.68634,
            40.41616
          ],
          [
            -3.68633,
            40.4162
          ],
          [
            -3.68633,
            40.41624
          ],
          [
            -3.68634,
            40.41628
          ],
          [
            -3.68635,
            40.41634
          ],
          [
            -3.68644,
            40.41674
          ],
          [
            -3.68693,
            40.4165
          ],
          [
            -3.68746,
            40.41664
          ],
          [
            -3.68747,
            40.41667
          ],
          [
            -3.68751,
            40.41681
          ],
          [
            -3.68752,
            40.41685
          ],
          [
            -3.68761,
            40.41721
          ],
          [
            -3.6876,
            40.41721
          ],
          [
            -3.68759,
            40.41721
          ],
          [
            -3.68758,
            40.41721
          ],
          [
            -3.68758,
            40.41722
          ],
          [
            -3.68757,
            40.41722
          ],
          [
            -3.68756,
            40.41722
          ],
          [
            -3.68756,
            40.41723
          ],
          [
            -3.68755,
            40.41723
          ],
          [
            -3.68754,
            40.41724
          ],
          [
            -3.68754,
            40.41725
          ],
          [
            -3.68753,
            40.41725
          ],
          [
            -3.68753,
            40.41726
          ],
          [
            -3.68753,
            40.41727
          ],
          [
            -3.68753,
            40.41728
          ],
          [
            -3.68753,
            40.41729
          ],
          [
            -3.68753,
            40.4173
          ],
          [
            -3.68753,
            40.41731
          ],
          [
            -3.68754,
            40.41731
          ],
          [
            -3.68754,
            40.41732
          ],
          [
            -3.68755,
            40.41732
          ],
          [
            -3.68755,
            40.41733
          ],
          [
            -3.68756,
            40.41733
          ],
          [
            -3.68714,
            40.41772
          ],
          [
            -3.68679,
            40.41799
          ],
          [
            -3.68697,
            40.4183
          ],
          [
            -3.68654,
            40.4184
          ],
          [
            -3.68622,
            40.41846
          ],
          [
            -3.68614,
            40.4185
          ],
          [
            -3.68621,
            40.41856
          ],
          [
            -3.68624,
            40.41861
          ],
          [
            -3.68636,
            40.41869
          ],
          [
            -3.68642,
            40.41875
          ],
          [
            -3.6865,
            40.41881
          ],
          [
            -3.68657,
            40.41886
          ],
          [
            -3.68664,
            40.41888
          ],
          [
            -3.68672,
            40.41893
          ],
          [
            -3.68665,
            40.41902
          ],
          [
            -3.68678,
            40.41907
          ],
          [
            -3.68666,
            40.41923
          ],
          [
            -3.68715,
            40.41943
          ],
          [
            -3.68744,
            40.41956
          ],
          [
            -3.6875,
            40.41958
          ],
          [
            -3.68755,
            40.4196
          ],
          [
            -3.68756,
            40.41961
          ],
          [
            -3.68768,
            40.41965
          ],
          [
            -3.68769,
            40.41965
          ],
          [
            -3.6877,
            40.41965
          ],
          [
            -3.68784,
            40.41961
          ],
          [
            -3.68787,
            40.41962
          ],
          [
            -3.6879,
            40.41963
          ],
          [
            -3.68798,
            40.41967
          ],
          [
            -3.68806,
            40.41954
          ],
          [
            -3.68823,
            40.41942
          ],
          [
            -3.68837,
            40.41938
          ],
          [
            -3.68852,
            40.41934
          ],
          [
            -3.68856,
            40.41934
          ],
          [
            -3.68858,
            40.41935
          ],
          [
            -3.68861,
            40.41935
          ],
          [
            -3.6889,
            40.41936
          ],
          [
            -3.68901,
            40.41937
          ],
          [
            -3.68923,
            40.41946
          ],
          [
            -3.68936,
            40.41955
          ],
          [
            -3.68947,
            40.41968
          ],
          [
            -3.6895,
            40.41972
          ],
          [
            -3.6896,
            40.41971
          ],
          [
            -3.68987,
            40.41968
          ],
          [
            -3.69015,
            40.41964
          ],
          [
            -3.69042,
            40.4196
          ],
          [
            -3.69042,
            40.41956
          ],
          [
            -3.69057,
            40.41956
          ],
          [
            -3.6906,
            40.41956
          ],
          [
            -3.6906,
            40.41958
          ],
          [
            -3.69092,
            40.41953
          ],
          [
            -3.69103,
            40.41952
          ],
          [
            -3.69108,
            40.41951
          ],
          [
            -3.69144,
            40.41946
          ],
          [
            -3.69167,
            40.41943
          ],
          [
            -3.6918,
            40.41942
          ],
          [
            -3.69201,
            40.41939
          ],
          [
            -3.69206,
            40.41938
          ],
          [
            -3.69234,
            40.41915
          ],
          [
            -3.69248,
            40.41903
          ],
          [
            -3.69253,
            40.41898
          ],
          [
            -3.6926,
            40.41889
          ],
          [
            -3.69261,
            40.41888
          ],
          [
            -3.69262,
            40.41877
          ],
          [
            -3.69263,
            40.41876
          ],
          [
            -3.69264,
            40.4187
          ],
          [
            -3.69264,
            40.41859
          ],
          [
            -3.69265,
            40.41854
          ],
          [
            -3.69267,
            40.41842
          ],
          [
            -3.6927,
            40.41822
          ],
          [
            -3.69269,
            40.41811
          ],
          [
            -3.6927,
            40.41801
          ],
          [
            -3.69272,
            40.41792
          ],
          [
            -3.69273,
            40.41788
          ],
          [
            -3.6928,
            40.41737
          ],
          [
            -3.69281,
            40.41737
          ],
          [
            -3.69281,
            40.41736
          ],
          [
            -3.69281,
            40.41726
          ],
          [
            -3.69282,
            40.41726
          ],
          [
            -3.69285,
            40.41709
          ],
          [
            -3.69286,
            40.41702
          ],
          [
            -3.69291,
            40.41683
          ],
          [
            -3.6928,
            40.41681
          ],
          [
            -3.69283,
            40.41668
          ],
          [
            -3.69276,
            40.41666
          ],
          [
            -3.69271,
            40.41664
          ],
          [
            -3.69267,
            40.41662
          ],
          [
            -3.69264,
            40.4166
          ],
          [
            -3.69261,
            40.41658
          ],
          [
            -3.69258,
            40.41655
          ],
          [
            -3.69256,
            40.41652
          ],
          [
            -3.69255,
            40.41649
          ],
          [
            -3.69254,
            40.41645
          ],
          [
            -3.69253,
            40.41642
          ],
          [
            -3.69254,
            40.41636
          ],
          [
            -3.69256,
            40.41631
          ],
          [
            -3.69259,
            40.41626
          ],
          [
            -3.69261,
            40.41624
          ],
          [
            -3.69264,
            40.41621
          ],
          [
            -3.69268,
            40.41619
          ],
          [
            -3.69271,
            40.41617
          ],
          [
            -3.69275,
            40.41616
          ],
          [
            -3.69279,
            40.41615
          ],
          [
            -3.69286,
            40.41613
          ],
          [
            -3.69293,
            40.41614
          ],
          [
            -3.69296,
            40.41598
          ],
          [
            -3.69329,
            40.41593
          ],
          [
            -3.69341,
            40.41591
          ],
          [
            -3.6934,
            40.41589
          ],
          [
            -3.69336,
            40.41571
          ],
          [
            -3.69335,
            40.41569
          ],
          [
            -3.69339,
            40.41568
          ],
          [
            -3.6934,
            40.41568
          ],
          [
            -3.69342,
            40.41567
          ],
          [
            -3.69337,
            40.41544
          ],
          [
            -3.69337,
            40.41535
          ],
          [
            -3.69337,
            40.41526
          ],
          [
            -3.69336,
            40.41521
          ],
          [
            -3.69332,
            40.41512
          ],
          [
            -3.69319,
            40.41472
          ],
          [
            -3.6931,
            40.41473
          ],
          [
            -3.69306,
            40.41456
          ],
          [
            -3.69303,
            40.41441
          ],
          [
            -3.69288,
            40.41443
          ],
          [
            -3.69273,
            40.41445
          ],
          [
            -3.6927,
            40.41432
          ],
          [
            -3.6927,
            40.41431
          ],
          [
            -3.69268,
            40.41425
          ],
          [
            -3.69269,
            40.41425
          ],
          [
            -3.69264,
            40.41404
          ],
          [
            -3.69257,
            40.41374
          ],
          [
            -3.69254,
            40.41361
          ],
          [
            -3.6925,
            40.41344
          ],
          [
            -3.69246,
            40.41326
          ],
          [
            -3.69245,
            40.4132
          ],
          [
            -3.69242,
            40.41305
          ],
          [
            -3.69238,
            40.41289
          ],
          [
            -3.69235,
            40.41277
          ],
          [
            -3.69238,
            40.41274
          ],
          [
            -3.69239,
            40.41272
          ],
          [
            -3.6924,
            40.4127
          ],
          [
            -3.69241,
            40.41268
          ],
          [
            -3.69242,
            40.41265
          ],
          [
            -3.69242,
            40.41263
          ],
          [
            -3.69241,
            40.41258
          ],
          [
            -3.69263,
            40.41257
          ],
          [
            -3.69264,
            40.41257
          ],
          [
            -3.69264,
            40.41258
          ],
          [
            -3.69267,
            40.41264
          ],
          [
            -3.69267,
            40.41265
          ],
          [
            -3.69268,
            40.41265
          ],
          [
            -3.69268,
            40.41266
          ],
          [
            -3.69269,
            40.41268
          ],
          [
            -3.69269,
            40.41269
          ],
          [
            -3.69269,
            40.4127
          ],
          [
            -3.69269,
            40.41271
          ],
          [
            -3.69268,
            40.41271
          ],
          [
            -3.69268,
            40.41272
          ],
          [
            -3.69268,
            40.41273
          ],
          [
            -3.6927,
            40.41285
          ],
          [
            -3.69279,
            40.41284
          ],
          [
            -3.69278,
            40.41277
          ],
          [
            -3.69277,
            40.41273
          ],
          [
            -3.69274,
            40.41261
          ],
          [
            -3.69272,
            40.41251
          ],
          [
            -3.69267,
            40.41226
          ],
          [
            -3.69265,
            40.41217
          ],
          [
            -3.69249,
            40.41143
          ],
          [
            -3.69242,
            40.41111
          ],
          [
            -3.69238,
            40.41094
          ],
          [
            -3.69218,
            40.41097
          ],
          [
            -3.69192,
            40.41101
          ],
          [
            -3.69174,
            40.41103
          ],
          [
            -3.69168,
            40.41104
          ],
          [
            -3.69166,
            40.41104
          ],
          [
            -3.69144,
            40.41107
          ],
          [
            -3.69118,
            40.41109
          ],
          [
            -3.69113,
            40.4111
          ],
          [
            -3.69108,
            40.4111
          ],
          [
            -3.6909,
            40.41113
          ],
          [
            -3.6907,
            40.41116
          ],
          [
            -3.6905,
            40.41118
          ],
          [
            -3.69048,
            40.4111
          ],
          [
            -3.69046,
            40.41099
          ],
          [
            -3.69043,
            40.41089
          ],
          [
            -3.69042,
            40.41084
          ],
          [
            -3.69038,
            40.41067
          ],
          [
            -3.69035,
            40.41052
          ],
          [
            -3.69055,
            40.41049
          ],
          [
            -3.69047,
            40.41016
          ],
          [
            -3.69044,
            40.41003
          ],
          [
            -3.69042,
            40.40999
          ],
          [
            -3.69062,
            40.40987
          ],
          [
            -3.69082,
            40.40986
          ],
          [
            -3.69091,
            40.40984
          ],
          [
            -3.69096,
            40.40982
          ],
          [
            -3.69103,
            40.40981
          ],
          [
            -3.69116,
            40.40981
          ],
          [
            -3.69125,
            40.4098
          ],
          [
            -3.69129,
            40.4098
          ],
          [
            -3.69134,
            40.4098
          ],
          [
            -3.69139,
            40.40981
          ],
          [
            -3.69142,
            40.40982
          ],
          [
            -3.69146,
            40.40983
          ],
          [
            -3.69151,
            40.40986
          ],
          [
            -3.69155,
            40.4099
          ],
          [
            -3.69159,
            40.40994
          ],
          [
            -3.69162,
            40.40997
          ],
          [
            -3.69164,
            40.41002
          ],
          [
            -3.6917,
            40.41001
          ],
          [
            -3.69171,
            40.41006
          ],
          [
            -3.69172,
            40.41011
          ],
          [
            -3.69173,
            40.41016
          ],
          [
            -3.69175,
            40.41022
          ],
          [
            -3.69176,
            40.41026
          ],
          [
            -3.69178,
            40.41033
          ],
          [
            -3.69179,
            40.41041
          ],
          [
            -3.69181,
            40.4105
          ],
          [
            -3.69182,
            40.41057
          ],
          [
            -3.69185,
            40.41066
          ],
          [
            -3.69186,
            40.41071
          ],
          [
            -3.69188,
            40.41071
          ],
          [
            -3.69189,
            40.41071
          ],
          [
            -3.6919,
            40.41071
          ],
          [
            -3.69191,
            40.41071
          ],
          [
            -3.69192,
            40.41071
          ],
          [
            -3.69193,
            40.41072
          ],
          [
            -3.69194,
            40.41072
          ],
          [
            -3.69195,
            40.41072
          ],
          [
            -3.69196,
            40.41073
          ],
          [
            -3.69197,
            40.41073
          ],
          [
            -3.69197,
            40.41074
          ],
          [
            -3.69198,
            40.41074
          ],
          [
            -3.69199,
            40.41075
          ],
          [
            -3.692,
            40.41076
          ],
          [
            -3.692,
            40.41077
          ],
          [
            -3.69201,
            40.41077
          ],
          [
            -3.69201,
            40.41078
          ],
          [
            -3.69202,
            40.41079
          ],
          [
            -3.69213,
            40.41078
          ],
          [
            -3.69214,
            40.41081
          ],
          [
            -3.69218,
            40.41097
          ],
          [
            -3.69238,
            40.41094
          ],
          [
            -3.69237,
            40.4109
          ],
          [
            -3.69235,
            40.41079
          ],
          [
            -3.69229,
            40.41051
          ],
          [
            -3.69226,
            40.41041
          ],
          [
            -3.69225,
            40.41036
          ],
          [
            -3.69223,
            40.41027
          ],
          [
            -3.6922,
            40.41013
          ],
          [
            -3.69218,
            40.41003
          ],
          [
            -3.69217,
            40.40999
          ],
          [
            -3.69216,
            40.40995
          ],
          [
            -3.69215,
            40.40992
          ],
          [
            -3.6921,
            40.40982
          ],
          [
            -3.69215,
            40.40981
          ],
          [
            -3.69255,
            40.40974
          ],
          [
            -3.69254,
            40.40965
          ],
          [
            -3.69255,
            40.4096
          ],
          [
            -3.69256,
            40.40956
          ],
          [
            -3.69258,
            40.40954
          ],
          [
            -3.69261,
            40.40952
          ],
          [
            -3.69265,
            40.4095
          ],
          [
            -3.69274,
            40.40953
          ],
          [
            -3.69282,
            40.40942
          ],
          [
            -3.69275,
            40.40939
          ],
          [
            -3.6927,
            40.40938
          ],
          [
            -3.69258,
            40.40933
          ],
          [
            -3.69252,
            40.4093
          ],
          [
            -3.69239,
            40.40925
          ],
          [
            -3.69245,
            40.40916
          ],
          [
            -3.69244,
            40.4091
          ]
        ]
      },
      "properties": {
        "title": "Itinéraire de Retiro, C. Alcalá, 83, Salamanca, 28009 Madrid, Espagne à Estación del Arte, Centro, 28012 Madrid, Espagne",
        "group": 1509223971,
        "stroke": "#1267ff",
        "stroke-width": 5
      },
      "id": 2734889301
    },
    {
      "type": "Feature",
      "geometry": {
        "type": "Point",
        "coordinates": [
          -3.685844,
          40.420767
        ]
      },
      "properties": {
        "title": "Retiro, C. Alcalá, 83, Salamanca, 28009 Madrid, Espagne",
        "group": 1509223971
      },
      "id": 535905146
    },
    {
      "type": "Feature",
      "geometry": {
        "type": "Point",
        "coordinates": [
          -3.692437,
          40.409095
        ]
      },
      "properties": {
        "title": "Estación del Arte, Centro, 28012 Madrid, Espagne",
        "group": 1509223971
      },
      "id": 2372879244
    },
    {
      "type": "Feature",
      "geometry": {
        "type": "LineString",
        "coordinates": [
          [
            -3.70348,
            40.41671
          ],
          [
            -3.70379,
            40.41669
          ],
          [
            -3.70386,
            40.41668
          ],
          [
            -3.70392,
            40.41667
          ],
          [
            -3.70416,
            40.41665
          ],
          [
            -3.70426,
            40.41663
          ],
          [
            -3.70434,
            40.41662
          ],
          [
            -3.70446,
            40.41659
          ],
          [
            -3.70451,
            40.41658
          ],
          [
            -3.70458,
            40.41657
          ],
          [
            -3.70466,
            40.41656
          ],
          [
            -3.70474,
            40.41655
          ],
          [
            -3.70505,
            40.41652
          ],
          [
            -3.70505,
            40.41647
          ],
          [
            -3.70505,
            40.41645
          ],
          [
            -3.70505,
            40.41644
          ],
          [
            -3.70505,
            40.41642
          ],
          [
            -3.70505,
            40.4164
          ],
          [
            -3.70506,
            40.41635
          ],
          [
            -3.70516,
            40.41631
          ],
          [
            -3.70569,
            40.416
          ],
          [
            -3.70602,
            40.41586
          ],
          [
            -3.70614,
            40.4158
          ],
          [
            -3.70621,
            40.41575
          ],
          [
            -3.70644,
            40.41541
          ],
          [
            -3.70655,
            40.41543
          ],
          [
            -3.70659,
            40.41542
          ],
          [
            -3.70663,
            40.41542
          ],
          [
            -3.70667,
            40.41542
          ],
          [
            -3.70689,
            40.41542
          ],
          [
            -3.70689,
            40.41548
          ],
          [
            -3.7069,
            40.41558
          ],
          [
            -3.70709,
            40.41557
          ],
          [
            -3.7072,
            40.41557
          ],
          [
            -3.70729,
            40.41556
          ],
          [
            -3.70738,
            40.41556
          ],
          [
            -3.70739,
            40.41566
          ],
          [
            -3.7074,
            40.41576
          ],
          [
            -3.70745,
            40.41576
          ],
          [
            -3.7075,
            40.41575
          ],
          [
            -3.70766,
            40.41575
          ],
          [
            -3.70766,
            40.4158
          ],
          [
            -3.70767,
            40.4159
          ],
          [
            -3.70767,
            40.41599
          ],
          [
            -3.70768,
            40.41608
          ],
          [
            -3.7077,
            40.41612
          ],
          [
            -3.70794,
            40.41609
          ],
          [
            -3.70799,
            40.41609
          ],
          [
            -3.70802,
            40.41616
          ],
          [
            -3.70799,
            40.41617
          ],
          [
            -3.70796,
            40.41617
          ],
          [
            -3.70794,
            40.41618
          ],
          [
            -3.70793,
            40.4162
          ],
          [
            -3.70789,
            40.41624
          ],
          [
            -3.70787,
            40.41631
          ],
          [
            -3.70764,
            40.41659
          ],
          [
            -3.70751,
            40.41676
          ],
          [
            -3.70746,
            40.41682
          ],
          [
            -3.70743,
            40.41687
          ],
          [
            -3.70735,
            40.41686
          ],
          [
            -3.70708,
            40.4168
          ],
          [
            -3.70697,
            40.41679
          ],
          [
            -3.70693,
            40.41679
          ],
          [
            -3.7069,
            40.4168
          ],
          [
            -3.70687,
            40.4168
          ],
          [
            -3.70685,
            40.41681
          ],
          [
            -3.70682,
            40.41682
          ],
          [
            -3.7068,
            40.41682
          ],
          [
            -3.70678,
            40.41683
          ],
          [
            -3.70677,
            40.41685
          ],
          [
            -3.70675,
            40.41686
          ],
          [
            -3.70675,
            40.41689
          ],
          [
            -3.70674,
            40.41692
          ],
          [
            -3.70669,
            40.4171
          ],
          [
            -3.70664,
            40.41727
          ],
          [
            -3.70708,
            40.41738
          ],
          [
            -3.7072,
            40.41741
          ],
          [
            -3.70742,
            40.41748
          ],
          [
            -3.70773,
            40.41757
          ],
          [
            -3.70781,
            40.41759
          ],
          [
            -3.70797,
            40.41764
          ],
          [
            -3.70818,
            40.4177
          ],
          [
            -3.70829,
            40.41773
          ],
          [
            -3.70837,
            40.41776
          ],
          [
            -3.70842,
            40.41776
          ],
          [
            -3.70849,
            40.41779
          ],
          [
            -3.70851,
            40.41779
          ],
          [
            -3.7086,
            40.4178
          ],
          [
            -3.70874,
            40.41783
          ],
          [
            -3.70884,
            40.41785
          ],
          [
            -3.70914,
            40.41786
          ],
          [
            -3.70913,
            40.4179
          ],
          [
            -3.70912,
            40.41796
          ],
          [
            -3.70911,
            40.41812
          ],
          [
            -3.70908,
            40.4182
          ],
          [
            -3.70907,
            40.41823
          ],
          [
            -3.70907,
            40.41824
          ],
          [
            -3.70906,
            40.41826
          ],
          [
            -3.70905,
            40.41827
          ],
          [
            -3.70903,
            40.41828
          ],
          [
            -3.70896,
            40.41852
          ],
          [
            -3.709,
            40.41854
          ],
          [
            -3.70876,
            40.4187
          ],
          [
            -3.70862,
            40.4188
          ],
          [
            -3.70826,
            40.41904
          ],
          [
            -3.70818,
            40.41909
          ],
          [
            -3.70824,
            40.41915
          ],
          [
            -3.70822,
            40.41916
          ],
          [
            -3.70816,
            40.41921
          ],
          [
            -3.70802,
            40.41968
          ],
          [
            -3.70797,
            40.41982
          ],
          [
            -3.70796,
            40.41984
          ],
          [
            -3.70785,
            40.4199
          ],
          [
            -3.70793,
            40.41999
          ],
          [
            -3.70798,
            40.42005
          ],
          [
            -3.70801,
            40.42009
          ],
          [
            -3.70804,
            40.42018
          ],
          [
            -3.70802,
            40.42018
          ],
          [
            -3.70791,
            40.42017
          ],
          [
            -3.70777,
            40.42016
          ],
          [
            -3.70749,
            40.42015
          ],
          [
            -3.70735,
            40.42015
          ],
          [
            -3.70694,
            40.42013
          ],
          [
            -3.70685,
            40.42013
          ],
          [
            -3.70682,
            40.42013
          ],
          [
            -3.7068,
            40.42013
          ],
          [
            -3.70679,
            40.42013
          ],
          [
            -3.70677,
            40.42014
          ],
          [
            -3.70673,
            40.42014
          ],
          [
            -3.70654,
            40.42017
          ],
          [
            -3.70641,
            40.42016
          ],
          [
            -3.70635,
            40.42016
          ],
          [
            -3.70629,
            40.42016
          ],
          [
            -3.70625,
            40.42017
          ],
          [
            -3.70608,
            40.42022
          ],
          [
            -3.70606,
            40.42024
          ],
          [
            -3.70602,
            40.42022
          ],
          [
            -3.70599,
            40.42022
          ],
          [
            -3.70596,
            40.42021
          ],
          [
            -3.70594,
            40.42021
          ],
          [
            -3.70592,
            40.42021
          ],
          [
            -3.70589,
            40.4202
          ],
          [
            -3.70587,
            40.4202
          ],
          [
            -3.70574,
            40.42019
          ],
          [
            -3.70555,
            40.42021
          ],
          [
            -3.70552,
            40.42021
          ],
          [
            -3.70528,
            40.4202
          ],
          [
            -3.7052,
            40.42017
          ],
          [
            -3.70516,
            40.42017
          ],
          [
            -3.70506,
            40.42016
          ],
          [
            -3.70487,
            40.42015
          ],
          [
            -3.70481,
            40.42014
          ],
          [
            -3.7047,
            40.42014
          ],
          [
            -3.70459,
            40.42013
          ],
          [
            -3.70455,
            40.42012
          ],
          [
            -3.70434,
            40.42011
          ],
          [
            -3.70408,
            40.42009
          ],
          [
            -3.70398,
            40.42008
          ],
          [
            -3.70391,
            40.42009
          ],
          [
            -3.70347,
            40.42006
          ],
          [
            -3.70349,
            40.42003
          ],
          [
            -3.70348,
            40.42002
          ],
          [
            -3.70344,
            40.42001
          ],
          [
            -3.70341,
            40.42001
          ],
          [
            -3.70339,
            40.42004
          ],
          [
            -3.70338,
            40.42006
          ],
          [
            -3.70305,
            40.42004
          ],
          [
            -3.70301,
            40.42003
          ],
          [
            -3.70292,
            40.42003
          ],
          [
            -3.70286,
            40.42002
          ],
          [
            -3.70274,
            40.42001
          ],
          [
            -3.70264,
            40.42001
          ],
          [
            -3.70248,
            40.42
          ],
          [
            -3.70233,
            40.42
          ],
          [
            -3.70211,
            40.41999
          ],
          [
            -3.70194,
            40.41997
          ],
          [
            -3.70184,
            40.41997
          ],
          [
            -3.70169,
            40.41996
          ],
          [
            -3.70166,
            40.41996
          ]
        ]
      },
      "properties": {
        "title": "Itinéraire de Sol, Centro, 28013 Madrid, Espagne à Gran Vía, Centro, 28013 Madrid, Espagne",
        "group": 1509223971,
        "stroke": "#1267ff",
        "stroke-width": 5
      },
      "id": 2817699055
    },
    {
      "type": "Feature",
      "geometry": {
        "type": "Point",
        "coordinates": [
          -3.703484,
          40.416714
        ]
      },
      "properties": {
        "title": "Sol, Centro, 28013 Madrid, Espagne",
        "group": 1509223971
      },
      "id": 2296504050
    },
    {
      "type": "Feature",
      "geometry": {
        "type": "Point",
        "coordinates": [
          -3.701663,
          40.419958
        ]
      },
      "properties": {
        "title": "Gran Vía, Centro, 28013 Madrid, Espagne",
        "group": 1509223971
      },
      "id": 2172480957
    },
    {
      "type": "Feature",
      "geometry": {
        "type": "LineString",
        "coordinates": [
          [
            -3.691462,
            40.40884
          ],
          [
            -3.699092,
            40.412293
          ],
          [
            -3.703392,
            40.41694
          ]
        ]
      },
      "properties": {
        "title": "L1",
        "group": 1509223971
      },
      "id": 3050020607
    },
    {
      "type": "Feature",
      "geometry": {
        "type": "LineString",
        "coordinates": [
          [
            -3.663485,
            40.431038
          ],
          [
            -3.686425,
            40.420465
          ]
        ]
      },
      "properties": {
        "title": "L2",
        "group": 1509223971
      },
      "id": 2206302117
    },
    {
      "type": "Feature",
      "geometry": {
        "type": "LineString",
        "coordinates": [
          [
            -3.68581,
            40.42077
          ],
          [
            -3.68589,
            40.42076
          ],
          [
            -3.68588,
            40.4208
          ],
          [
            -3.68588,
            40.42081
          ],
          [
            -3.6859,
            40.42082
          ],
          [
            -3.68595,
            40.42082
          ],
          [
            -3.68596,
            40.42082
          ],
          [
            -3.68596,
            40.4208
          ],
          [
            -3.68596,
            40.42076
          ],
          [
            -3.68597,
            40.42072
          ],
          [
            -3.68652,
            40.4206
          ],
          [
            -3.68665,
            40.42057
          ],
          [
            -3.68675,
            40.42055
          ],
          [
            -3.68684,
            40.42054
          ],
          [
            -3.68688,
            40.42053
          ],
          [
            -3.6869,
            40.42052
          ],
          [
            -3.68692,
            40.42051
          ],
          [
            -3.68695,
            40.4205
          ],
          [
            -3.68698,
            40.42047
          ],
          [
            -3.68705,
            40.42046
          ],
          [
            -3.68713,
            40.42044
          ],
          [
            -3.68715,
            40.42046
          ],
          [
            -3.68717,
            40.42048
          ],
          [
            -3.68718,
            40.42049
          ],
          [
            -3.68718,
            40.42051
          ],
          [
            -3.68731,
            40.42049
          ],
          [
            -3.6873,
            40.42046
          ],
          [
            -3.68728,
            40.42043
          ],
          [
            -3.68725,
            40.42039
          ],
          [
            -3.68735,
            40.42043
          ],
          [
            -3.68774,
            40.42035
          ],
          [
            -3.68785,
            40.42032
          ],
          [
            -3.68789,
            40.42031
          ],
          [
            -3.68802,
            40.42029
          ],
          [
            -3.68806,
            40.42026
          ],
          [
            -3.68794,
            40.41997
          ],
          [
            -3.68792,
            40.4199
          ],
          [
            -3.68789,
            40.41981
          ],
          [
            -3.68798,
            40.41967
          ],
          [
            -3.6879,
            40.41963
          ],
          [
            -3.68787,
            40.41962
          ],
          [
            -3.68784,
            40.41961
          ],
          [
            -3.6877,
            40.41965
          ],
          [
            -3.68769,
            40.41965
          ],
          [
            -3.68768,
            40.41965
          ],
          [
            -3.68756,
            40.41961
          ],
          [
            -3.68752,
            40.41959
          ],
          [
            -3.6875,
            40.41958
          ],
          [
            -3.68744,
            40.41956
          ],
          [
            -3.68715,
            40.41943
          ],
          [
            -3.68666,
            40.41923
          ],
          [
            -3.68622,
            40.41902
          ],
          [
            -3.6856,
            40.41875
          ],
          [
            -3.68555,
            40.41877
          ],
          [
            -3.68551,
            40.41879
          ],
          [
            -3.68546,
            40.41879
          ],
          [
            -3.68541,
            40.41879
          ],
          [
            -3.68537,
            40.41877
          ],
          [
            -3.68533,
            40.41875
          ],
          [
            -3.6853,
            40.41873
          ],
          [
            -3.68528,
            40.41869
          ],
          [
            -3.68527,
            40.41862
          ],
          [
            -3.68528,
            40.41859
          ],
          [
            -3.6853,
            40.41856
          ],
          [
            -3.68533,
            40.41853
          ],
          [
            -3.68537,
            40.41851
          ],
          [
            -3.68541,
            40.4185
          ],
          [
            -3.68531,
            40.41828
          ],
          [
            -3.68506,
            40.4177
          ],
          [
            -3.68517,
            40.41768
          ],
          [
            -3.68523,
            40.41767
          ],
          [
            -3.68554,
            40.41761
          ],
          [
            -3.68577,
            40.41757
          ],
          [
            -3.6861,
            40.41753
          ],
          [
            -3.68622,
            40.41751
          ],
          [
            -3.68639,
            40.41748
          ],
          [
            -3.68659,
            40.41746
          ],
          [
            -3.68682,
            40.41742
          ],
          [
            -3.68728,
            40.41734
          ],
          [
            -3.68753,
            40.4173
          ],
          [
            -3.68753,
            40.41729
          ],
          [
            -3.68753,
            40.41728
          ],
          [
            -3.68753,
            40.41727
          ],
          [
            -3.68753,
            40.41726
          ],
          [
            -3.68753,
            40.41725
          ],
          [
            -3.68754,
            40.41725
          ],
          [
            -3.68754,
            40.41724
          ],
          [
            -3.68755,
            40.41723
          ],
          [
            -3.68756,
            40.41723
          ],
          [
            -3.68756,
            40.41722
          ],
          [
            -3.68757,
            40.41722
          ],
          [
            -3.68758,
            40.41722
          ],
          [
            -3.68758,
            40.41721
          ],
          [
            -3.68759,
            40.41721
          ],
          [
            -3.6876,
            40.41721
          ],
          [
            -3.68761,
            40.41721
          ],
          [
            -3.68752,
            40.41685
          ],
          [
            -3.68751,
            40.41681
          ],
          [
            -3.68662,
            40.41688
          ],
          [
            -3.68649,
            40.41689
          ],
          [
            -3.68604,
            40.41693
          ],
          [
            -3.6858,
            40.41695
          ],
          [
            -3.68563,
            40.41696
          ],
          [
            -3.68539,
            40.41698
          ],
          [
            -3.68515,
            40.41699
          ],
          [
            -3.68503,
            40.417
          ],
          [
            -3.68489,
            40.41702
          ],
          [
            -3.6848,
            40.41703
          ],
          [
            -3.68478,
            40.41698
          ],
          [
            -3.68474,
            40.41685
          ],
          [
            -3.68459,
            40.41643
          ],
          [
            -3.68458,
            40.41641
          ],
          [
            -3.68446,
            40.41606
          ],
          [
            -3.68445,
            40.41605
          ],
          [
            -3.68439,
            40.41587
          ],
          [
            -3.68432,
            40.4157
          ],
          [
            -3.68428,
            40.41555
          ],
          [
            -3.68424,
            40.41558
          ],
          [
            -3.68423,
            40.41558
          ],
          [
            -3.68422,
            40.41558
          ],
          [
            -3.68421,
            40.41558
          ],
          [
            -3.6842,
            40.41558
          ],
          [
            -3.68419,
            40.41558
          ],
          [
            -3.68418,
            40.41557
          ],
          [
            -3.68417,
            40.41557
          ],
          [
            -3.68416,
            40.41557
          ],
          [
            -3.68415,
            40.41557
          ],
          [
            -3.68414,
            40.41556
          ],
          [
            -3.68413,
            40.41556
          ],
          [
            -3.68412,
            40.41556
          ],
          [
            -3.68411,
            40.41555
          ],
          [
            -3.6841,
            40.41554
          ],
          [
            -3.68409,
            40.41554
          ],
          [
            -3.68408,
            40.41553
          ],
          [
            -3.68407,
            40.41552
          ],
          [
            -3.68407,
            40.41551
          ],
          [
            -3.68406,
            40.41551
          ],
          [
            -3.68405,
            40.4155
          ],
          [
            -3.68405,
            40.41549
          ],
          [
            -3.68404,
            40.41548
          ],
          [
            -3.68404,
            40.41547
          ],
          [
            -3.68404,
            40.41546
          ],
          [
            -3.68403,
            40.41545
          ],
          [
            -3.68402,
            40.41545
          ],
          [
            -3.68384,
            40.41533
          ],
          [
            -3.68366,
            40.41521
          ],
          [
            -3.68348,
            40.41509
          ],
          [
            -3.68331,
            40.41497
          ],
          [
            -3.68318,
            40.41488
          ],
          [
            -3.68313,
            40.41485
          ],
          [
            -3.68306,
            40.4148
          ],
          [
            -3.68299,
            40.41476
          ],
          [
            -3.68281,
            40.41464
          ],
          [
            -3.6825,
            40.41445
          ],
          [
            -3.68238,
            40.4146
          ],
          [
            -3.68237,
            40.41486
          ],
          [
            -3.68184,
            40.41497
          ],
          [
            -3.68184,
            40.41489
          ],
          [
            -3.68183,
            40.41482
          ],
          [
            -3.68181,
            40.41472
          ],
          [
            -3.68178,
            40.41462
          ],
          [
            -3.68178,
            40.41461
          ],
          [
            -3.68172,
            40.41445
          ],
          [
            -3.68171,
            40.41444
          ],
          [
            -3.68165,
            40.41426
          ],
          [
            -3.68159,
            40.41409
          ],
          [
            -3.68171,
            40.41406
          ],
          [
            -3.68193,
            40.414
          ],
          [
            -3.68186,
            40.41381
          ],
          [
            -3.68179,
            40.41364
          ],
          [
            -3.68177,
            40.41359
          ],
          [
            -3.68177,
            40.41355
          ],
          [
            -3.68177,
            40.41353
          ],
          [
            -3.68177,
            40.4135
          ],
          [
            -3.68178,
            40.41346
          ],
          [
            -3.6818,
            40.41338
          ],
          [
            -3.68184,
            40.41328
          ],
          [
            -3.68213,
            40.41336
          ],
          [
            -3.6822,
            40.41339
          ],
          [
            -3.68222,
            40.4134
          ],
          [
            -3.68228,
            40.41341
          ],
          [
            -3.68238,
            40.4134
          ],
          [
            -3.68247,
            40.41339
          ],
          [
            -3.68255,
            40.41339
          ],
          [
            -3.68259,
            40.41338
          ],
          [
            -3.68263,
            40.41337
          ],
          [
            -3.6827,
            40.41336
          ],
          [
            -3.68275,
            40.41333
          ],
          [
            -3.68284,
            40.4133
          ],
          [
            -3.68292,
            40.41328
          ],
          [
            -3.68298,
            40.41327
          ],
          [
            -3.68313,
            40.41325
          ],
          [
            -3.68316,
            40.41331
          ],
          [
            -3.68329,
            40.41329
          ],
          [
            -3.68331,
            40.41328
          ],
          [
            -3.68335,
            40.41328
          ],
          [
            -3.68344,
            40.41352
          ],
          [
            -3.68356,
            40.41381
          ],
          [
            -3.68367,
            40.41407
          ],
          [
            -3.68376,
            40.41408
          ],
          [
            -3.68411,
            40.41424
          ],
          [
            -3.68441,
            40.41437
          ],
          [
            -3.6849,
            40.41457
          ],
          [
            -3.68499,
            40.41455
          ],
          [
            -3.68513,
            40.41455
          ],
          [
            -3.68517,
            40.41457
          ],
          [
            -3.6852,
            40.41457
          ],
          [
            -3.68523,
            40.41459
          ],
          [
            -3.68529,
            40.41462
          ],
          [
            -3.68532,
            40.41465
          ],
          [
            -3.68553,
            40.41482
          ],
          [
            -3.68581,
            40.41509
          ],
          [
            -3.68597,
            40.41523
          ],
          [
            -3.686,
            40.41534
          ],
          [
            -3.68609,
            40.41534
          ],
          [
            -3.68618,
            40.41533
          ],
          [
            -3.68622,
            40.41533
          ],
          [
            -3.68627,
            40.41533
          ],
          [
            -3.68629,
            40.41525
          ],
          [
            -3.6863,
            40.4152
          ],
          [
            -3.68634,
            40.41516
          ],
          [
            -3.68638,
            40.41512
          ],
          [
            -3.68643,
            40.41509
          ],
          [
            -3.68649,
            40.41507
          ],
          [
            -3.68653,
            40.41506
          ],
          [
            -3.68655,
            40.41506
          ],
          [
            -3.68662,
            40.41505
          ],
          [
            -3.687,
            40.41503
          ],
          [
            -3.68701,
            40.41527
          ],
          [
            -3.6872,
            40.41526
          ],
          [
            -3.68724,
            40.41526
          ],
          [
            -3.68781,
            40.41525
          ],
          [
            -3.68813,
            40.41524
          ],
          [
            -3.68836,
            40.41524
          ],
          [
            -3.6884,
            40.41524
          ],
          [
            -3.68848,
            40.41524
          ],
          [
            -3.68848,
            40.41526
          ],
          [
            -3.68848,
            40.41529
          ],
          [
            -3.68852,
            40.41529
          ],
          [
            -3.68857,
            40.41529
          ],
          [
            -3.68864,
            40.41529
          ],
          [
            -3.68879,
            40.41529
          ],
          [
            -3.68878,
            40.41519
          ],
          [
            -3.68906,
            40.41518
          ],
          [
            -3.68909,
            40.41518
          ],
          [
            -3.68908,
            40.41511
          ],
          [
            -3.68909,
            40.41511
          ],
          [
            -3.68909,
            40.41504
          ],
          [
            -3.68908,
            40.41501
          ],
          [
            -3.68916,
            40.41503
          ],
          [
            -3.6892,
            40.41504
          ],
          [
            -3.68956,
            40.41504
          ],
          [
            -3.68964,
            40.41503
          ],
          [
            -3.68982,
            40.41503
          ],
          [
            -3.6899,
            40.41503
          ],
          [
            -3.68995,
            40.41503
          ],
          [
            -3.68998,
            40.41503
          ],
          [
            -3.69003,
            40.41504
          ],
          [
            -3.69007,
            40.41505
          ],
          [
            -3.69013,
            40.41508
          ],
          [
            -3.69028,
            40.41514
          ],
          [
            -3.69031,
            40.41513
          ],
          [
            -3.69033,
            40.41512
          ],
          [
            -3.69033,
            40.41509
          ],
          [
            -3.69036,
            40.41509
          ],
          [
            -3.69047,
            40.4151
          ],
          [
            -3.6905,
            40.4151
          ],
          [
            -3.69049,
            40.41481
          ],
          [
            -3.69064,
            40.41481
          ],
          [
            -3.69087,
            40.41481
          ],
          [
            -3.69111,
            40.41481
          ],
          [
            -3.69121,
            40.41481
          ],
          [
            -3.69135,
            40.41481
          ],
          [
            -3.6914,
            40.41481
          ],
          [
            -3.69157,
            40.41476
          ],
          [
            -3.69154,
            40.41486
          ],
          [
            -3.69154,
            40.41504
          ],
          [
            -3.69148,
            40.4151
          ],
          [
            -3.69164,
            40.4151
          ],
          [
            -3.69165,
            40.41519
          ],
          [
            -3.69166,
            40.41527
          ],
          [
            -3.69166,
            40.4153
          ],
          [
            -3.69185,
            40.41529
          ],
          [
            -3.69198,
            40.41529
          ],
          [
            -3.69205,
            40.41529
          ],
          [
            -3.69248,
            40.41528
          ],
          [
            -3.69256,
            40.41528
          ],
          [
            -3.69288,
            40.41527
          ],
          [
            -3.69321,
            40.41526
          ],
          [
            -3.69328,
            40.41524
          ],
          [
            -3.69336,
            40.41521
          ],
          [
            -3.69337,
            40.41537
          ],
          [
            -3.69337,
            40.41544
          ],
          [
            -3.69342,
            40.41567
          ],
          [
            -3.69341,
            40.41568
          ],
          [
            -3.6934,
            40.41568
          ],
          [
            -3.69339,
            40.41568
          ],
          [
            -3.69335,
            40.41569
          ],
          [
            -3.69336,
            40.41571
          ],
          [
            -3.6934,
            40.41589
          ],
          [
            -3.69341,
            40.41591
          ],
          [
            -3.69346,
            40.4159
          ],
          [
            -3.69348,
            40.4159
          ],
          [
            -3.69349,
            40.41589
          ],
          [
            -3.6935,
            40.41593
          ],
          [
            -3.6935,
            40.41596
          ],
          [
            -3.69354,
            40.41596
          ],
          [
            -3.69372,
            40.41597
          ],
          [
            -3.6938,
            40.4159
          ],
          [
            -3.69386,
            40.41585
          ],
          [
            -3.69397,
            40.41579
          ],
          [
            -3.69409,
            40.41575
          ],
          [
            -3.69421,
            40.41572
          ],
          [
            -3.69441,
            40.41575
          ],
          [
            -3.69453,
            40.41572
          ],
          [
            -3.69453,
            40.4157
          ],
          [
            -3.6947,
            40.41573
          ],
          [
            -3.6947,
            40.41591
          ],
          [
            -3.69469,
            40.41599
          ],
          [
            -3.6946,
            40.41635
          ],
          [
            -3.69458,
            40.41639
          ],
          [
            -3.69455,
            40.41651
          ],
          [
            -3.6945,
            40.41669
          ],
          [
            -3.69451,
            40.41669
          ],
          [
            -3.6945,
            40.41674
          ],
          [
            -3.69449,
            40.41673
          ],
          [
            -3.6943,
            40.41746
          ],
          [
            -3.69431,
            40.41746
          ],
          [
            -3.69431,
            40.41749
          ],
          [
            -3.6943,
            40.41749
          ],
          [
            -3.69424,
            40.4177
          ],
          [
            -3.69418,
            40.41793
          ],
          [
            -3.69409,
            40.41825
          ],
          [
            -3.69404,
            40.41843
          ],
          [
            -3.69398,
            40.41864
          ],
          [
            -3.69395,
            40.41878
          ],
          [
            -3.69392,
            40.41888
          ],
          [
            -3.69389,
            40.41894
          ],
          [
            -3.6939,
            40.419
          ],
          [
            -3.69391,
            40.41903
          ],
          [
            -3.69395,
            40.41904
          ],
          [
            -3.69406,
            40.41903
          ],
          [
            -3.69412,
            40.41902
          ],
          [
            -3.69414,
            40.41902
          ],
          [
            -3.69418,
            40.41902
          ],
          [
            -3.69421,
            40.41901
          ],
          [
            -3.69432,
            40.41899
          ],
          [
            -3.69447,
            40.41896
          ],
          [
            -3.69465,
            40.41893
          ],
          [
            -3.69504,
            40.41886
          ],
          [
            -3.69505,
            40.41885
          ],
          [
            -3.69525,
            40.41882
          ],
          [
            -3.69542,
            40.41878
          ],
          [
            -3.69563,
            40.41877
          ],
          [
            -3.69573,
            40.41875
          ],
          [
            -3.69572,
            40.41871
          ],
          [
            -3.69572,
            40.4187
          ],
          [
            -3.69577,
            40.41869
          ],
          [
            -3.69582,
            40.41868
          ],
          [
            -3.69584,
            40.41868
          ],
          [
            -3.69586,
            40.41873
          ],
          [
            -3.69621,
            40.41865
          ],
          [
            -3.69633,
            40.41863
          ],
          [
            -3.69637,
            40.41862
          ],
          [
            -3.69635,
            40.41856
          ],
          [
            -3.69642,
            40.41855
          ],
          [
            -3.69645,
            40.41864
          ],
          [
            -3.69649,
            40.41872
          ],
          [
            -3.69652,
            40.41875
          ],
          [
            -3.69678,
            40.41868
          ],
          [
            -3.69685,
            40.41866
          ],
          [
            -3.69705,
            40.4186
          ],
          [
            -3.69721,
            40.41855
          ],
          [
            -3.69737,
            40.4185
          ],
          [
            -3.69741,
            40.41849
          ],
          [
            -3.69745,
            40.41848
          ],
          [
            -3.69751,
            40.41846
          ],
          [
            -3.69758,
            40.41845
          ],
          [
            -3.69765,
            40.41842
          ],
          [
            -3.69772,
            40.4184
          ],
          [
            -3.6978,
            40.41838
          ],
          [
            -3.6979,
            40.41835
          ],
          [
            -3.69799,
            40.41833
          ],
          [
            -3.69806,
            40.41831
          ],
          [
            -3.69813,
            40.41829
          ],
          [
            -3.6982,
            40.41827
          ],
          [
            -3.69831,
            40.41823
          ],
          [
            -3.6984,
            40.41821
          ],
          [
            -3.69852,
            40.41816
          ],
          [
            -3.69857,
            40.41824
          ],
          [
            -3.69869,
            40.41822
          ],
          [
            -3.69863,
            40.41812
          ],
          [
            -3.69891,
            40.41803
          ],
          [
            -3.69912,
            40.41796
          ],
          [
            -3.69913,
            40.41795
          ],
          [
            -3.69926,
            40.41791
          ],
          [
            -3.69949,
            40.41783
          ],
          [
            -3.69953,
            40.41782
          ],
          [
            -3.69954,
            40.4178
          ],
          [
            -3.69958,
            40.41774
          ],
          [
            -3.6996,
            40.41772
          ],
          [
            -3.69965,
            40.41764
          ],
          [
            -3.69968,
            40.41761
          ],
          [
            -3.69972,
            40.41756
          ],
          [
            -3.69987,
            40.41735
          ],
          [
            -3.70006,
            40.41707
          ],
          [
            -3.70005,
            40.41702
          ],
          [
            -3.70008,
            40.41697
          ],
          [
            -3.70009,
            40.41697
          ],
          [
            -3.70011,
            40.41699
          ],
          [
            -3.70012,
            40.41699
          ],
          [
            -3.70021,
            40.41686
          ],
          [
            -3.70028,
            40.41675
          ],
          [
            -3.70029,
            40.41673
          ],
          [
            -3.70033,
            40.41666
          ],
          [
            -3.70035,
            40.41657
          ],
          [
            -3.70042,
            40.41653
          ],
          [
            -3.70042,
            40.41648
          ],
          [
            -3.70044,
            40.4164
          ],
          [
            -3.70043,
            40.41627
          ],
          [
            -3.70041,
            40.41603
          ],
          [
            -3.70032,
            40.41518
          ],
          [
            -3.70029,
            40.4151
          ],
          [
            -3.70028,
            40.41503
          ],
          [
            -3.70028,
            40.415
          ],
          [
            -3.70028,
            40.41495
          ],
          [
            -3.70029,
            40.41492
          ],
          [
            -3.70029,
            40.41491
          ],
          [
            -3.70029,
            40.41489
          ],
          [
            -3.70029,
            40.41488
          ],
          [
            -3.70029,
            40.41486
          ],
          [
            -3.70028,
            40.41484
          ],
          [
            -3.70028,
            40.41482
          ],
          [
            -3.70026,
            40.41477
          ],
          [
            -3.70037,
            40.41476
          ],
          [
            -3.70069,
            40.41473
          ],
          [
            -3.70081,
            40.41472
          ],
          [
            -3.70084,
            40.41471
          ],
          [
            -3.70085,
            40.41471
          ],
          [
            -3.70086,
            40.41471
          ],
          [
            -3.70108,
            40.41469
          ],
          [
            -3.70126,
            40.41467
          ],
          [
            -3.70132,
            40.41467
          ],
          [
            -3.70135,
            40.41443
          ],
          [
            -3.70139,
            40.41441
          ],
          [
            -3.70143,
            40.4144
          ],
          [
            -3.70182,
            40.41439
          ],
          [
            -3.70208,
            40.41439
          ],
          [
            -3.7022,
            40.41439
          ],
          [
            -3.70227,
            40.4144
          ],
          [
            -3.70227,
            40.41436
          ],
          [
            -3.70235,
            40.41438
          ],
          [
            -3.70235,
            40.4144
          ],
          [
            -3.70227,
            40.4144
          ],
          [
            -3.70227,
            40.41476
          ],
          [
            -3.70229,
            40.4151
          ],
          [
            -3.70229,
            40.41513
          ],
          [
            -3.70233,
            40.41516
          ],
          [
            -3.70233,
            40.41527
          ],
          [
            -3.70233,
            40.41542
          ],
          [
            -3.70232,
            40.4156
          ],
          [
            -3.70232,
            40.41578
          ],
          [
            -3.70229,
            40.41613
          ],
          [
            -3.70228,
            40.41645
          ],
          [
            -3.70227,
            40.41669
          ],
          [
            -3.70229,
            40.41672
          ],
          [
            -3.70235,
            40.41677
          ],
          [
            -3.70287,
            40.41675
          ],
          [
            -3.70307,
            40.41674
          ],
          [
            -3.70316,
            40.41674
          ],
          [
            -3.70319,
            40.41674
          ],
          [
            -3.70325,
            40.41674
          ],
          [
            -3.70334,
            40.41673
          ],
          [
            -3.70339,
            40.41672
          ],
          [
            -3.70348,
            40.41671
          ],
          [
            -3.70379,
            40.41669
          ],
          [
            -3.70386,
            40.41668
          ],
          [
            -3.70392,
            40.41667
          ],
          [
            -3.70416,
            40.41665
          ],
          [
            -3.70426,
            40.41663
          ],
          [
            -3.70434,
            40.41662
          ],
          [
            -3.70446,
            40.41659
          ],
          [
            -3.70451,
            40.41658
          ],
          [
            -3.70458,
            40.41657
          ],
          [
            -3.70466,
            40.41656
          ],
          [
            -3.70474,
            40.41655
          ],
          [
            -3.70505,
            40.41652
          ],
          [
            -3.70505,
            40.41647
          ],
          [
            -3.70505,
            40.41645
          ],
          [
            -3.70505,
            40.41644
          ],
          [
            -3.70505,
            40.41642
          ],
          [
            -3.70505,
            40.4164
          ],
          [
            -3.70506,
            40.41635
          ],
          [
            -3.70516,
            40.41631
          ],
          [
            -3.70569,
            40.416
          ],
          [
            -3.70602,
            40.41586
          ],
          [
            -3.70614,
            40.4158
          ],
          [
            -3.70621,
            40.41575
          ],
          [
            -3.70691,
            40.41568
          ],
          [
            -3.7071,
            40.41567
          ],
          [
            -3.7073,
            40.41566
          ],
          [
            -3.70739,
            40.41566
          ],
          [
            -3.70749,
            40.41565
          ],
          [
            -3.70768,
            40.41564
          ],
          [
            -3.70787,
            40.41564
          ],
          [
            -3.70795,
            40.41563
          ],
          [
            -3.70811,
            40.41568
          ],
          [
            -3.70814,
            40.41568
          ],
          [
            -3.70818,
            40.41569
          ],
          [
            -3.70827,
            40.41571
          ],
          [
            -3.7086,
            40.41578
          ],
          [
            -3.70862,
            40.41578
          ],
          [
            -3.70878,
            40.41581
          ],
          [
            -3.70877,
            40.41577
          ],
          [
            -3.70874,
            40.41559
          ],
          [
            -3.7088,
            40.41554
          ],
          [
            -3.70899,
            40.41549
          ],
          [
            -3.70935,
            40.41542
          ],
          [
            -3.70939,
            40.41544
          ],
          [
            -3.7095,
            40.41572
          ],
          [
            -3.70959,
            40.41569
          ],
          [
            -3.71001,
            40.41558
          ],
          [
            -3.71015,
            40.41555
          ],
          [
            -3.71019,
            40.41554
          ],
          [
            -3.71026,
            40.41552
          ],
          [
            -3.7105,
            40.41548
          ],
          [
            -3.71061,
            40.41545
          ],
          [
            -3.711,
            40.41538
          ],
          [
            -3.71106,
            40.41538
          ],
          [
            -3.71133,
            40.41534
          ],
          [
            -3.71134,
            40.41533
          ],
          [
            -3.71149,
            40.4153
          ],
          [
            -3.71164,
            40.41528
          ],
          [
            -3.71172,
            40.41527
          ],
          [
            -3.71185,
            40.41525
          ],
          [
            -3.71213,
            40.41521
          ],
          [
            -3.71218,
            40.41519
          ],
          [
            -3.7122,
            40.41519
          ],
          [
            -3.7122,
            40.41517
          ],
          [
            -3.71223,
            40.41516
          ],
          [
            -3.71228,
            40.41515
          ],
          [
            -3.71228,
            40.41513
          ],
          [
            -3.71235,
            40.41511
          ],
          [
            -3.7124,
            40.4151
          ],
          [
            -3.71244,
            40.41509
          ],
          [
            -3.71247,
            40.41509
          ],
          [
            -3.7125,
            40.41509
          ],
          [
            -3.71262,
            40.41507
          ],
          [
            -3.71284,
            40.41505
          ],
          [
            -3.7129,
            40.41504
          ],
          [
            -3.71298,
            40.41503
          ],
          [
            -3.7131,
            40.41501
          ],
          [
            -3.71329,
            40.41498
          ],
          [
            -3.71336,
            40.41498
          ],
          [
            -3.71336,
            40.41501
          ],
          [
            -3.71336,
            40.41514
          ],
          [
            -3.71341,
            40.41513
          ],
          [
            -3.71339,
            40.41528
          ],
          [
            -3.71337,
            40.41547
          ],
          [
            -3.71337,
            40.41552
          ],
          [
            -3.71335,
            40.41554
          ],
          [
            -3.71332,
            40.41559
          ],
          [
            -3.7133,
            40.41562
          ],
          [
            -3.71329,
            40.41567
          ],
          [
            -3.71328,
            40.41582
          ],
          [
            -3.71325,
            40.41598
          ],
          [
            -3.71324,
            40.41608
          ],
          [
            -3.71324,
            40.41611
          ],
          [
            -3.71325,
            40.41613
          ],
          [
            -3.71325,
            40.41615
          ],
          [
            -3.71326,
            40.41616
          ],
          [
            -3.71327,
            40.41619
          ],
          [
            -3.71328,
            40.41623
          ],
          [
            -3.71328,
            40.41627
          ],
          [
            -3.71329,
            40.41632
          ],
          [
            -3.7133,
            40.41637
          ],
          [
            -3.71331,
            40.4164
          ],
          [
            -3.7133,
            40.41644
          ],
          [
            -3.71338,
            40.41645
          ],
          [
            -3.71336,
            40.41662
          ],
          [
            -3.7133,
            40.41708
          ],
          [
            -3.7133,
            40.41713
          ],
          [
            -3.71329,
            40.41715
          ],
          [
            -3.71329,
            40.41716
          ],
          [
            -3.71328,
            40.41717
          ],
          [
            -3.71328,
            40.41718
          ],
          [
            -3.71327,
            40.41719
          ],
          [
            -3.71324,
            40.41723
          ],
          [
            -3.71324,
            40.41729
          ],
          [
            -3.71322,
            40.41744
          ],
          [
            -3.7132,
            40.41759
          ],
          [
            -3.71318,
            40.41776
          ],
          [
            -3.71317,
            40.41787
          ],
          [
            -3.71316,
            40.4179
          ],
          [
            -3.71315,
            40.41806
          ],
          [
            -3.71294,
            40.41805
          ],
          [
            -3.71292,
            40.41805
          ],
          [
            -3.71284,
            40.41804
          ],
          [
            -3.71237,
            40.41801
          ],
          [
            -3.71235,
            40.41824
          ],
          [
            -3.71205,
            40.41823
          ],
          [
            -3.71203,
            40.41827
          ],
          [
            -3.71202,
            40.41829
          ],
          [
            -3.712,
            40.41832
          ],
          [
            -3.712,
            40.41834
          ],
          [
            -3.712,
            40.41836
          ],
          [
            -3.71201,
            40.41838
          ],
          [
            -3.71202,
            40.4184
          ],
          [
            -3.71203,
            40.41843
          ],
          [
            -3.712,
            40.41867
          ],
          [
            -3.7123,
            40.41868
          ],
          [
            -3.71277,
            40.41872
          ],
          [
            -3.71274,
            40.41892
          ],
          [
            -3.71305,
            40.41895
          ],
          [
            -3.71304,
            40.41911
          ],
          [
            -3.71301,
            40.41931
          ],
          [
            -3.71299,
            40.41948
          ],
          [
            -3.71297,
            40.4196
          ],
          [
            -3.71302,
            40.41962
          ],
          [
            -3.71303,
            40.41965
          ],
          [
            -3.71305,
            40.41972
          ],
          [
            -3.7131,
            40.41987
          ],
          [
            -3.71311,
            40.41992
          ],
          [
            -3.7131,
            40.42003
          ],
          [
            -3.7131,
            40.42008
          ],
          [
            -3.7131,
            40.42026
          ],
          [
            -3.71308,
            40.42037
          ],
          [
            -3.71315,
            40.42038
          ],
          [
            -3.71328,
            40.42038
          ],
          [
            -3.71328,
            40.42035
          ],
          [
            -3.71344,
            40.42036
          ],
          [
            -3.71368,
            40.42038
          ],
          [
            -3.71378,
            40.42039
          ],
          [
            -3.71391,
            40.4204
          ],
          [
            -3.71401,
            40.4204
          ],
          [
            -3.71396,
            40.42088
          ],
          [
            -3.71397,
            40.42088
          ],
          [
            -3.71398,
            40.42088
          ],
          [
            -3.71399,
            40.42088
          ],
          [
            -3.714,
            40.42089
          ],
          [
            -3.71401,
            40.42089
          ],
          [
            -3.71402,
            40.4209
          ],
          [
            -3.71403,
            40.4209
          ],
          [
            -3.71403,
            40.42091
          ],
          [
            -3.71403,
            40.42092
          ],
          [
            -3.71404,
            40.42092
          ],
          [
            -3.71404,
            40.42093
          ],
          [
            -3.71404,
            40.42094
          ],
          [
            -3.71404,
            40.42095
          ],
          [
            -3.71404,
            40.42096
          ],
          [
            -3.71403,
            40.42096
          ],
          [
            -3.71403,
            40.42097
          ],
          [
            -3.71402,
            40.42097
          ],
          [
            -3.71402,
            40.42098
          ],
          [
            -3.71401,
            40.42098
          ],
          [
            -3.714,
            40.42099
          ],
          [
            -3.71403,
            40.421
          ],
          [
            -3.71408,
            40.42105
          ],
          [
            -3.71417,
            40.42098
          ],
          [
            -3.71419,
            40.42098
          ],
          [
            -3.71423,
            40.42097
          ],
          [
            -3.71426,
            40.42096
          ],
          [
            -3.71431,
            40.42093
          ],
          [
            -3.71445,
            40.42085
          ],
          [
            -3.71449,
            40.42089
          ],
          [
            -3.71459,
            40.42097
          ],
          [
            -3.71476,
            40.42086
          ],
          [
            -3.71511,
            40.42063
          ],
          [
            -3.71522,
            40.42056
          ],
          [
            -3.71529,
            40.42062
          ],
          [
            -3.71544,
            40.42061
          ],
          [
            -3.71555,
            40.42056
          ],
          [
            -3.7156,
            40.42065
          ],
          [
            -3.71578,
            40.42097
          ],
          [
            -3.71592,
            40.42121
          ],
          [
            -3.71595,
            40.42129
          ],
          [
            -3.71632,
            40.42193
          ],
          [
            -3.71617,
            40.42204
          ],
          [
            -3.71619,
            40.42206
          ],
          [
            -3.71625,
            40.42211
          ],
          [
            -3.71627,
            40.4221
          ],
          [
            -3.71627,
            40.42214
          ],
          [
            -3.71627,
            40.42215
          ],
          [
            -3.71626,
            40.42215
          ],
          [
            -3.71626,
            40.42218
          ],
          [
            -3.71622,
            40.42227
          ],
          [
            -3.7162,
            40.42232
          ],
          [
            -3.71615,
            40.42246
          ],
          [
            -3.71618,
            40.42247
          ],
          [
            -3.71621,
            40.42245
          ],
          [
            -3.71627,
            40.42242
          ],
          [
            -3.71631,
            40.4224
          ],
          [
            -3.71634,
            40.42239
          ],
          [
            -3.71638,
            40.42238
          ],
          [
            -3.71639,
            40.42237
          ],
          [
            -3.71646,
            40.42235
          ],
          [
            -3.71648,
            40.42234
          ],
          [
            -3.7165,
            40.42234
          ],
          [
            -3.71652,
            40.42233
          ],
          [
            -3.71655,
            40.42233
          ],
          [
            -3.71658,
            40.42233
          ],
          [
            -3.71659,
            40.42234
          ],
          [
            -3.71663,
            40.42234
          ],
          [
            -3.71666,
            40.42236
          ],
          [
            -3.71668,
            40.42237
          ],
          [
            -3.71671,
            40.42239
          ],
          [
            -3.71672,
            40.42242
          ],
          [
            -3.71668,
            40.42243
          ],
          [
            -3.71662,
            40.42244
          ],
          [
            -3.71657,
            40.42247
          ],
          [
            -3.71654,
            40.42249
          ],
          [
            -3.71661,
            40.42256
          ],
          [
            -3.71672,
            40.42271
          ],
          [
            -3.71683,
            40.42287
          ],
          [
            -3.71689,
            40.42285
          ],
          [
            -3.71696,
            40.42285
          ],
          [
            -3.71705,
            40.42287
          ],
          [
            -3.71716,
            40.42293
          ],
          [
            -3.7172,
            40.42295
          ],
          [
            -3.7173,
            40.42299
          ],
          [
            -3.71738,
            40.42303
          ],
          [
            -3.71763,
            40.42317
          ],
          [
            -3.71787,
            40.42329
          ],
          [
            -3.71818,
            40.42338
          ],
          [
            -3.71823,
            40.42339
          ],
          [
            -3.71813,
            40.42356
          ],
          [
            -3.71804,
            40.42372
          ],
          [
            -3.71797,
            40.42384
          ],
          [
            -3.7176,
            40.42385
          ],
          [
            -3.71752,
            40.42386
          ],
          [
            -3.71746,
            40.42387
          ],
          [
            -3.71723,
            40.42354
          ],
          [
            -3.71719,
            40.42348
          ],
          [
            -3.71715,
            40.42346
          ],
          [
            -3.71712,
            40.42345
          ],
          [
            -3.71708,
            40.42344
          ],
          [
            -3.71702,
            40.42344
          ],
          [
            -3.7169,
            40.42343
          ],
          [
            -3.71649,
            40.4234
          ],
          [
            -3.71648,
            40.42352
          ],
          [
            -3.71636,
            40.42351
          ],
          [
            -3.71616,
            40.42348
          ],
          [
            -3.71613,
            40.42345
          ],
          [
            -3.71605,
            40.42343
          ],
          [
            -3.71605,
            40.42344
          ],
          [
            -3.7156,
            40.42322
          ],
          [
            -3.71541,
            40.42308
          ],
          [
            -3.71533,
            40.42307
          ],
          [
            -3.7153,
            40.42306
          ],
          [
            -3.71526,
            40.42305
          ],
          [
            -3.71516,
            40.42299
          ],
          [
            -3.71499,
            40.42289
          ],
          [
            -3.71495,
            40.42296
          ],
          [
            -3.7149,
            40.42295
          ],
          [
            -3.71482,
            40.42294
          ],
          [
            -3.71472,
            40.42293
          ],
          [
            -3.71464,
            40.42292
          ],
          [
            -3.71456,
            40.42291
          ],
          [
            -3.71447,
            40.42289
          ],
          [
            -3.71443,
            40.42288
          ],
          [
            -3.71437,
            40.42286
          ],
          [
            -3.71433,
            40.42283
          ],
          [
            -3.71423,
            40.42284
          ],
          [
            -3.71399,
            40.42284
          ],
          [
            -3.71391,
            40.42284
          ],
          [
            -3.71381,
            40.42285
          ],
          [
            -3.71362,
            40.42286
          ],
          [
            -3.71352,
            40.42287
          ],
          [
            -3.71344,
            40.42287
          ],
          [
            -3.71338,
            40.42288
          ],
          [
            -3.7133,
            40.42288
          ],
          [
            -3.71311,
            40.4229
          ],
          [
            -3.71304,
            40.42292
          ],
          [
            -3.71294,
            40.42293
          ],
          [
            -3.71285,
            40.42296
          ],
          [
            -3.71264,
            40.42301
          ],
          [
            -3.71255,
            40.42303
          ],
          [
            -3.71242,
            40.42307
          ],
          [
            -3.71227,
            40.42312
          ],
          [
            -3.71223,
            40.42313
          ],
          [
            -3.71213,
            40.42313
          ],
          [
            -3.71203,
            40.42315
          ],
          [
            -3.71196,
            40.42317
          ],
          [
            -3.7119,
            40.4232
          ],
          [
            -3.71176,
            40.42312
          ],
          [
            -3.71164,
            40.42319
          ],
          [
            -3.71118,
            40.42344
          ],
          [
            -3.71113,
            40.42338
          ],
          [
            -3.71107,
            40.42332
          ],
          [
            -3.71104,
            40.42334
          ],
          [
            -3.71095,
            40.42328
          ],
          [
            -3.71084,
            40.42325
          ],
          [
            -3.71045,
            40.423
          ],
          [
            -3.71034,
            40.42293
          ],
          [
            -3.71028,
            40.4229
          ],
          [
            -3.7102,
            40.42286
          ],
          [
            -3.70937,
            40.42234
          ],
          [
            -3.70928,
            40.42231
          ],
          [
            -3.70926,
            40.4223
          ],
          [
            -3.70915,
            40.42224
          ],
          [
            -3.70868,
            40.42192
          ],
          [
            -3.70857,
            40.42183
          ],
          [
            -3.70823,
            40.42161
          ],
          [
            -3.70817,
            40.42157
          ],
          [
            -3.70803,
            40.42148
          ],
          [
            -3.70806,
            40.4214
          ],
          [
            -3.70805,
            40.4214
          ],
          [
            -3.70792,
            40.42136
          ],
          [
            -3.70789,
            40.42143
          ],
          [
            -3.70779,
            40.42137
          ],
          [
            -3.70772,
            40.42133
          ],
          [
            -3.70768,
            40.4213
          ],
          [
            -3.70732,
            40.42107
          ],
          [
            -3.70722,
            40.42097
          ],
          [
            -3.70707,
            40.42087
          ],
          [
            -3.70714,
            40.42085
          ],
          [
            -3.70707,
            40.42081
          ],
          [
            -3.70705,
            40.4208
          ],
          [
            -3.70702,
            40.4208
          ],
          [
            -3.70696,
            40.42082
          ],
          [
            -3.70693,
            40.42083
          ],
          [
            -3.70689,
            40.42077
          ],
          [
            -3.70669,
            40.42064
          ],
          [
            -3.70655,
            40.42055
          ],
          [
            -3.70645,
            40.4205
          ],
          [
            -3.70617,
            40.42032
          ],
          [
            -3.70606,
            40.42024
          ],
          [
            -3.70602,
            40.42022
          ],
          [
            -3.70599,
            40.42022
          ],
          [
            -3.70596,
            40.42021
          ],
          [
            -3.70594,
            40.42021
          ],
          [
            -3.70592,
            40.42021
          ],
          [
            -3.70589,
            40.4202
          ],
          [
            -3.70587,
            40.4202
          ],
          [
            -3.70574,
            40.42019
          ],
          [
            -3.70555,
            40.42022
          ],
          [
            -3.70552,
            40.42021
          ],
          [
            -3.70528,
            40.4202
          ],
          [
            -3.70519,
            40.42017
          ],
          [
            -3.70516,
            40.42017
          ],
          [
            -3.70506,
            40.42016
          ],
          [
            -3.70487,
            40.42015
          ],
          [
            -3.70481,
            40.42014
          ],
          [
            -3.7047,
            40.42014
          ],
          [
            -3.70459,
            40.42013
          ],
          [
            -3.70455,
            40.42012
          ],
          [
            -3.70434,
            40.42011
          ],
          [
            -3.70408,
            40.42009
          ],
          [
            -3.70398,
            40.42009
          ],
          [
            -3.70391,
            40.42009
          ],
          [
            -3.70347,
            40.42006
          ],
          [
            -3.70349,
            40.42003
          ],
          [
            -3.70348,
            40.42002
          ],
          [
            -3.70344,
            40.42001
          ],
          [
            -3.70341,
            40.42001
          ],
          [
            -3.70339,
            40.42004
          ],
          [
            -3.70338,
            40.42006
          ],
          [
            -3.70305,
            40.42004
          ],
          [
            -3.70301,
            40.42003
          ],
          [
            -3.70292,
            40.42003
          ],
          [
            -3.70286,
            40.42002
          ],
          [
            -3.70274,
            40.42001
          ],
          [
            -3.70264,
            40.42001
          ],
          [
            -3.70248,
            40.42
          ],
          [
            -3.70233,
            40.42
          ],
          [
            -3.70211,
            40.41999
          ],
          [
            -3.70194,
            40.41997
          ],
          [
            -3.70184,
            40.41997
          ],
          [
            -3.70169,
            40.41996
          ],
          [
            -3.70161,
            40.41995
          ]
        ]
      },
      "properties": {
        "title": "Parcours",
        "group": 3535913214,
        "stroke": "#1267ff",
        "stroke-width": 5
      },
      "id": 2254955158
    },
    {
      "type": "Feature",
      "geometry": {
        "type": "Point",
        "coordinates": [
          -3.685814,
          40.420774
        ]
      },
      "properties": {
        "title": "Retiro, C. Alcalá, 83, Salamanca, 28009 Madrid, Espagne",
        "group": 3535913214
      },
      "id": 3092715277
    },
    {
      "type": "Feature",
      "geometry": {
        "type": "Point",
        "coordinates": [
          -3.701607,
          40.41995
        ]
      },
      "properties": {
        "title": "Gran Vía, Centro, 28013 Madrid, Espagne",
        "group": 3535913214
      },
      "id": 3359421123
    },
    {
      "type": "Feature",
      "geometry": {
        "type": "LineString",
        "coordinates": [
          [
            -3.70361,
            40.4167
          ],
          [
            -3.70379,
            40.41669
          ],
          [
            -3.70386,
            40.41668
          ],
          [
            -3.70392,
            40.41667
          ],
          [
            -3.70416,
            40.41665
          ],
          [
            -3.70426,
            40.41663
          ],
          [
            -3.70434,
            40.41662
          ],
          [
            -3.70446,
            40.41659
          ],
          [
            -3.70451,
            40.41658
          ],
          [
            -3.70458,
            40.41657
          ],
          [
            -3.70466,
            40.41656
          ],
          [
            -3.70474,
            40.41655
          ],
          [
            -3.70505,
            40.41652
          ],
          [
            -3.70505,
            40.41647
          ],
          [
            -3.70505,
            40.41645
          ],
          [
            -3.70505,
            40.41644
          ],
          [
            -3.70505,
            40.41642
          ],
          [
            -3.70505,
            40.4164
          ],
          [
            -3.70506,
            40.41635
          ],
          [
            -3.70516,
            40.41631
          ],
          [
            -3.70569,
            40.416
          ],
          [
            -3.70602,
            40.41586
          ],
          [
            -3.70614,
            40.4158
          ],
          [
            -3.70621,
            40.41575
          ],
          [
            -3.70644,
            40.41541
          ],
          [
            -3.70655,
            40.41543
          ],
          [
            -3.70659,
            40.41542
          ],
          [
            -3.70663,
            40.41542
          ],
          [
            -3.70667,
            40.41542
          ],
          [
            -3.70689,
            40.41542
          ],
          [
            -3.70689,
            40.41548
          ],
          [
            -3.70709,
            40.41547
          ],
          [
            -3.70728,
            40.41546
          ],
          [
            -3.70733,
            40.41546
          ],
          [
            -3.70737,
            40.41546
          ],
          [
            -3.70747,
            40.41545
          ],
          [
            -3.70766,
            40.41544
          ],
          [
            -3.70786,
            40.41543
          ],
          [
            -3.70786,
            40.41554
          ],
          [
            -3.70787,
            40.41564
          ],
          [
            -3.70795,
            40.41563
          ],
          [
            -3.70811,
            40.41568
          ],
          [
            -3.70814,
            40.41568
          ],
          [
            -3.70818,
            40.41569
          ],
          [
            -3.70827,
            40.41571
          ],
          [
            -3.7086,
            40.41578
          ],
          [
            -3.70862,
            40.41578
          ],
          [
            -3.70878,
            40.41581
          ],
          [
            -3.70877,
            40.41577
          ],
          [
            -3.70874,
            40.41559
          ],
          [
            -3.70885,
            40.41558
          ],
          [
            -3.70901,
            40.41554
          ],
          [
            -3.70938,
            40.41546
          ],
          [
            -3.70939,
            40.41544
          ],
          [
            -3.7095,
            40.41572
          ],
          [
            -3.70959,
            40.41569
          ],
          [
            -3.71001,
            40.41558
          ],
          [
            -3.71015,
            40.41555
          ],
          [
            -3.71019,
            40.41554
          ],
          [
            -3.71026,
            40.41552
          ],
          [
            -3.7105,
            40.41548
          ],
          [
            -3.71061,
            40.41545
          ],
          [
            -3.711,
            40.41538
          ],
          [
            -3.71106,
            40.41538
          ],
          [
            -3.71133,
            40.41534
          ],
          [
            -3.71134,
            40.41533
          ],
          [
            -3.71149,
            40.4153
          ],
          [
            -3.71164,
            40.41528
          ],
          [
            -3.71172,
            40.41527
          ],
          [
            -3.71185,
            40.41525
          ],
          [
            -3.71211,
            40.41521
          ],
          [
            -3.71218,
            40.41519
          ],
          [
            -3.7122,
            40.41519
          ],
          [
            -3.7122,
            40.41517
          ],
          [
            -3.71222,
            40.41517
          ],
          [
            -3.71229,
            40.41515
          ],
          [
            -3.71228,
            40.41513
          ],
          [
            -3.71235,
            40.41512
          ],
          [
            -3.7124,
            40.41511
          ],
          [
            -3.71247,
            40.41509
          ],
          [
            -3.7125,
            40.41509
          ],
          [
            -3.71262,
            40.41507
          ],
          [
            -3.71284,
            40.41505
          ],
          [
            -3.7129,
            40.41504
          ],
          [
            -3.71298,
            40.41503
          ],
          [
            -3.7131,
            40.41501
          ],
          [
            -3.71329,
            40.41498
          ],
          [
            -3.71335,
            40.41498
          ],
          [
            -3.71339,
            40.41498
          ],
          [
            -3.7134,
            40.41492
          ],
          [
            -3.71345,
            40.41492
          ],
          [
            -3.7136,
            40.41493
          ],
          [
            -3.71362,
            40.41494
          ],
          [
            -3.71362,
            40.41498
          ],
          [
            -3.71367,
            40.41498
          ],
          [
            -3.71366,
            40.415
          ],
          [
            -3.71366,
            40.41514
          ],
          [
            -3.71365,
            40.41514
          ],
          [
            -3.71362,
            40.41539
          ],
          [
            -3.71362,
            40.4154
          ],
          [
            -3.71361,
            40.41549
          ],
          [
            -3.7136,
            40.41557
          ],
          [
            -3.71356,
            40.41568
          ],
          [
            -3.7135,
            40.41612
          ],
          [
            -3.7135,
            40.41614
          ],
          [
            -3.71349,
            40.41616
          ],
          [
            -3.71347,
            40.41617
          ],
          [
            -3.71344,
            40.41633
          ],
          [
            -3.71338,
            40.41643
          ],
          [
            -3.71337,
            40.41645
          ],
          [
            -3.71335,
            40.41662
          ],
          [
            -3.7133,
            40.41708
          ],
          [
            -3.71329,
            40.41713
          ],
          [
            -3.71329,
            40.41715
          ],
          [
            -3.71329,
            40.41716
          ],
          [
            -3.71328,
            40.41717
          ],
          [
            -3.71328,
            40.41718
          ],
          [
            -3.71327,
            40.41719
          ],
          [
            -3.71324,
            40.41723
          ],
          [
            -3.71324,
            40.41729
          ],
          [
            -3.71322,
            40.41744
          ],
          [
            -3.7132,
            40.41759
          ],
          [
            -3.71318,
            40.41776
          ],
          [
            -3.71317,
            40.41787
          ],
          [
            -3.71316,
            40.4179
          ],
          [
            -3.71315,
            40.41806
          ],
          [
            -3.71294,
            40.41805
          ],
          [
            -3.71292,
            40.41805
          ],
          [
            -3.71284,
            40.41804
          ],
          [
            -3.71282,
            40.41828
          ],
          [
            -3.71235,
            40.41824
          ],
          [
            -3.71237,
            40.41829
          ],
          [
            -3.71238,
            40.41833
          ],
          [
            -3.71238,
            40.41834
          ],
          [
            -3.71238,
            40.41835
          ],
          [
            -3.71238,
            40.41837
          ],
          [
            -3.71237,
            40.41839
          ],
          [
            -3.71232,
            40.41844
          ],
          [
            -3.7123,
            40.41868
          ],
          [
            -3.71228,
            40.41889
          ],
          [
            -3.71263,
            40.41891
          ],
          [
            -3.71274,
            40.41892
          ],
          [
            -3.71305,
            40.41895
          ],
          [
            -3.71304,
            40.41911
          ],
          [
            -3.71301,
            40.41931
          ],
          [
            -3.71299,
            40.41948
          ],
          [
            -3.71297,
            40.4196
          ],
          [
            -3.71302,
            40.41962
          ],
          [
            -3.71303,
            40.41965
          ],
          [
            -3.71305,
            40.41972
          ],
          [
            -3.7131,
            40.41987
          ],
          [
            -3.71311,
            40.41992
          ],
          [
            -3.7131,
            40.42003
          ],
          [
            -3.7131,
            40.42008
          ],
          [
            -3.7131,
            40.42026
          ],
          [
            -3.71308,
            40.42038
          ],
          [
            -3.71308,
            40.42041
          ],
          [
            -3.71307,
            40.42052
          ],
          [
            -3.71307,
            40.42057
          ],
          [
            -3.71306,
            40.42064
          ],
          [
            -3.71306,
            40.4207
          ],
          [
            -3.71305,
            40.42074
          ],
          [
            -3.71304,
            40.42086
          ],
          [
            -3.71303,
            40.42092
          ],
          [
            -3.71302,
            40.42108
          ],
          [
            -3.71301,
            40.4211
          ],
          [
            -3.71299,
            40.42129
          ],
          [
            -3.71297,
            40.42143
          ],
          [
            -3.71304,
            40.42148
          ],
          [
            -3.71303,
            40.42148
          ],
          [
            -3.71303,
            40.42149
          ],
          [
            -3.71303,
            40.4215
          ],
          [
            -3.71303,
            40.42151
          ],
          [
            -3.71303,
            40.42152
          ],
          [
            -3.71303,
            40.42153
          ],
          [
            -3.71303,
            40.42154
          ],
          [
            -3.71304,
            40.42154
          ],
          [
            -3.71304,
            40.42155
          ],
          [
            -3.71305,
            40.42155
          ],
          [
            -3.71295,
            40.42167
          ],
          [
            -3.71299,
            40.42174
          ],
          [
            -3.71305,
            40.42182
          ],
          [
            -3.7131,
            40.42188
          ],
          [
            -3.71312,
            40.4219
          ],
          [
            -3.71314,
            40.42193
          ],
          [
            -3.71315,
            40.42195
          ],
          [
            -3.71313,
            40.42199
          ],
          [
            -3.71313,
            40.42206
          ],
          [
            -3.71312,
            40.42217
          ],
          [
            -3.71312,
            40.42224
          ],
          [
            -3.71311,
            40.42229
          ],
          [
            -3.7131,
            40.42236
          ],
          [
            -3.71309,
            40.42246
          ],
          [
            -3.71308,
            40.42252
          ],
          [
            -3.71308,
            40.42265
          ],
          [
            -3.71308,
            40.42269
          ],
          [
            -3.71304,
            40.42292
          ],
          [
            -3.71294,
            40.42293
          ],
          [
            -3.71257,
            40.42273
          ],
          [
            -3.71234,
            40.42283
          ],
          [
            -3.71209,
            40.42295
          ],
          [
            -3.71176,
            40.42312
          ],
          [
            -3.71164,
            40.42319
          ],
          [
            -3.71118,
            40.42344
          ]
        ]
      },
      "properties": {
        "title": "Itinéraire de Sol, Centro, 28013 Madrid, Espagne à Gran Vía, 88, Moncloa - Aravaca, 28008 Madrid, Espagne",
        "group": 2002185284,
        "stroke": "#1267ff",
        "stroke-width": 5
      },
      "id": 134730938
    },
    {
      "type": "Feature",
      "geometry": {
        "type": "Point",
        "coordinates": [
          -3.703607,
          40.416703
        ]
      },
      "properties": {
        "title": "Sol, Centro, 28013 Madrid, Espagne",
        "group": 2002185284
      },
      "id": 3292613270
    },
    {
      "type": "Feature",
      "geometry": {
        "type": "Point",
        "coordinates": [
          -3.711176,
          40.423441
        ]
      },
      "properties": {
        "title": "Gran Vía, 88, Moncloa - Aravaca, 28008 Madrid, Espagne",
        "group": 2002185284
      },
      "id": 1288905697
    },
    {
      "type": "Feature",
      "geometry": {
        "type": "LineString",
        "coordinates": [
          [
            -3.69005,
            40.45257
          ],
          [
            -3.69001,
            40.45257
          ],
          [
            -3.69001,
            40.45254
          ],
          [
            -3.69005,
            40.45248
          ],
          [
            -3.6901,
            40.4524
          ],
          [
            -3.69008,
            40.45238
          ],
          [
            -3.68993,
            40.45242
          ],
          [
            -3.68994,
            40.45239
          ],
          [
            -3.68998,
            40.4522
          ],
          [
            -3.69004,
            40.45222
          ],
          [
            -3.69003,
            40.45219
          ],
          [
            -3.69002,
            40.45216
          ],
          [
            -3.69002,
            40.45212
          ],
          [
            -3.69002,
            40.45209
          ],
          [
            -3.69002,
            40.45206
          ],
          [
            -3.68985,
            40.45204
          ],
          [
            -3.68985,
            40.45203
          ],
          [
            -3.68986,
            40.45195
          ],
          [
            -3.68986,
            40.45193
          ],
          [
            -3.69007,
            40.45195
          ],
          [
            -3.69009,
            40.4519
          ],
          [
            -3.69012,
            40.45186
          ],
          [
            -3.69014,
            40.45183
          ],
          [
            -3.69026,
            40.45174
          ],
          [
            -3.69032,
            40.4517
          ],
          [
            -3.69039,
            40.45167
          ],
          [
            -3.69045,
            40.45165
          ],
          [
            -3.69052,
            40.45163
          ],
          [
            -3.69053,
            40.45145
          ],
          [
            -3.69053,
            40.45143
          ],
          [
            -3.69054,
            40.45143
          ],
          [
            -3.69058,
            40.45143
          ],
          [
            -3.69059,
            40.45143
          ],
          [
            -3.69059,
            40.45145
          ],
          [
            -3.69058,
            40.45164
          ],
          [
            -3.6906,
            40.45164
          ],
          [
            -3.69061,
            40.45155
          ],
          [
            -3.69088,
            40.45156
          ],
          [
            -3.69087,
            40.45166
          ],
          [
            -3.69091,
            40.45167
          ],
          [
            -3.69091,
            40.45161
          ],
          [
            -3.69093,
            40.45145
          ],
          [
            -3.69097,
            40.45145
          ],
          [
            -3.69096,
            40.45157
          ],
          [
            -3.69099,
            40.45158
          ],
          [
            -3.69104,
            40.4516
          ],
          [
            -3.69107,
            40.45162
          ],
          [
            -3.69109,
            40.45154
          ],
          [
            -3.69113,
            40.45156
          ],
          [
            -3.69121,
            40.45158
          ],
          [
            -3.69124,
            40.45159
          ],
          [
            -3.69123,
            40.45167
          ],
          [
            -3.69128,
            40.45171
          ],
          [
            -3.69131,
            40.45174
          ],
          [
            -3.69135,
            40.45178
          ],
          [
            -3.69139,
            40.45182
          ],
          [
            -3.69142,
            40.45187
          ],
          [
            -3.69144,
            40.45192
          ],
          [
            -3.69146,
            40.45199
          ],
          [
            -3.69146,
            40.45201
          ],
          [
            -3.6915,
            40.45203
          ],
          [
            -3.69153,
            40.45204
          ],
          [
            -3.69157,
            40.45205
          ],
          [
            -3.69171,
            40.45206
          ],
          [
            -3.69183,
            40.45206
          ],
          [
            -3.69195,
            40.45206
          ],
          [
            -3.6921,
            40.45207
          ],
          [
            -3.69207,
            40.45197
          ],
          [
            -3.69205,
            40.45189
          ],
          [
            -3.69202,
            40.45181
          ],
          [
            -3.69202,
            40.4518
          ],
          [
            -3.692,
            40.45174
          ],
          [
            -3.69199,
            40.45169
          ],
          [
            -3.69198,
            40.45163
          ],
          [
            -3.69198,
            40.45162
          ],
          [
            -3.69197,
            40.45157
          ],
          [
            -3.69196,
            40.45152
          ],
          [
            -3.69197,
            40.45147
          ],
          [
            -3.69197,
            40.45145
          ],
          [
            -3.69198,
            40.45139
          ],
          [
            -3.692,
            40.45107
          ],
          [
            -3.69201,
            40.45102
          ],
          [
            -3.69202,
            40.45084
          ],
          [
            -3.69203,
            40.45075
          ],
          [
            -3.69203,
            40.45074
          ],
          [
            -3.69204,
            40.45073
          ],
          [
            -3.69205,
            40.45072
          ],
          [
            -3.69206,
            40.45072
          ],
          [
            -3.69207,
            40.45072
          ],
          [
            -3.69215,
            40.45073
          ],
          [
            -3.69216,
            40.45066
          ],
          [
            -3.69238,
            40.45066
          ],
          [
            -3.69244,
            40.45067
          ],
          [
            -3.69245,
            40.45066
          ],
          [
            -3.69247,
            40.45066
          ],
          [
            -3.69248,
            40.45064
          ],
          [
            -3.69249,
            40.45063
          ],
          [
            -3.69249,
            40.45061
          ],
          [
            -3.6925,
            40.45058
          ],
          [
            -3.69228,
            40.45056
          ],
          [
            -3.69227,
            40.45056
          ],
          [
            -3.69226,
            40.45055
          ],
          [
            -3.69226,
            40.45054
          ],
          [
            -3.69226,
            40.45052
          ],
          [
            -3.69226,
            40.45039
          ],
          [
            -3.69227,
            40.45038
          ],
          [
            -3.69228,
            40.45038
          ],
          [
            -3.69229,
            40.45038
          ],
          [
            -3.69234,
            40.45038
          ],
          [
            -3.69239,
            40.45038
          ],
          [
            -3.69246,
            40.45039
          ],
          [
            -3.69249,
            40.45039
          ],
          [
            -3.69252,
            40.45039
          ],
          [
            -3.69254,
            40.45039
          ],
          [
            -3.69255,
            40.45039
          ],
          [
            -3.69255,
            40.45038
          ],
          [
            -3.69257,
            40.45025
          ],
          [
            -3.6926,
            40.44991
          ],
          [
            -3.69257,
            40.44988
          ],
          [
            -3.69254,
            40.44985
          ],
          [
            -3.69253,
            40.44984
          ],
          [
            -3.69253,
            40.44982
          ],
          [
            -3.69252,
            40.44982
          ],
          [
            -3.69252,
            40.4498
          ],
          [
            -3.69252,
            40.44979
          ],
          [
            -3.69252,
            40.44976
          ],
          [
            -3.69252,
            40.44969
          ],
          [
            -3.69253,
            40.44958
          ],
          [
            -3.69254,
            40.44944
          ],
          [
            -3.69239,
            40.44944
          ],
          [
            -3.69231,
            40.44943
          ],
          [
            -3.69225,
            40.44943
          ],
          [
            -3.69221,
            40.44943
          ],
          [
            -3.69221,
            40.44937
          ],
          [
            -3.69222,
            40.44925
          ],
          [
            -3.69222,
            40.44919
          ],
          [
            -3.69223,
            40.44906
          ],
          [
            -3.69224,
            40.44889
          ],
          [
            -3.69224,
            40.44883
          ],
          [
            -3.69224,
            40.44882
          ],
          [
            -3.69226,
            40.44864
          ],
          [
            -3.69226,
            40.44847
          ],
          [
            -3.69229,
            40.44817
          ],
          [
            -3.69231,
            40.44798
          ],
          [
            -3.69222,
            40.44798
          ],
          [
            -3.69224,
            40.4478
          ],
          [
            -3.69225,
            40.44762
          ],
          [
            -3.69226,
            40.44746
          ],
          [
            -3.69247,
            40.44747
          ],
          [
            -3.69277,
            40.44749
          ],
          [
            -3.69278,
            40.44749
          ],
          [
            -3.69279,
            40.44748
          ],
          [
            -3.6928,
            40.44748
          ],
          [
            -3.69281,
            40.4474
          ],
          [
            -3.69281,
            40.44739
          ],
          [
            -3.69282,
            40.4473
          ],
          [
            -3.69283,
            40.4472
          ],
          [
            -3.69283,
            40.44717
          ],
          [
            -3.69285,
            40.44711
          ],
          [
            -3.69286,
            40.4471
          ],
          [
            -3.69287,
            40.44705
          ],
          [
            -3.69287,
            40.44701
          ],
          [
            -3.69288,
            40.44699
          ],
          [
            -3.69289,
            40.44681
          ],
          [
            -3.69289,
            40.44679
          ],
          [
            -3.69289,
            40.44678
          ],
          [
            -3.6929,
            40.44677
          ],
          [
            -3.69291,
            40.44676
          ],
          [
            -3.69292,
            40.44676
          ],
          [
            -3.69292,
            40.44675
          ],
          [
            -3.69294,
            40.44675
          ],
          [
            -3.69302,
            40.44676
          ],
          [
            -3.69304,
            40.4466
          ],
          [
            -3.69305,
            40.44653
          ]
        ]
      },
      "properties": {
        "title": "Itinéraire de P.º de la Castellana, 16, Chamartín, 28046 Madrid, Espagne à Torre Titania, C. de Raimundo Fernández Villaverde, 79, Tetuán, 28003 Madrid, Espagne",
        "group": 2002185284,
        "stroke": "#1267ff",
        "stroke-width": 5
      },
      "id": 3482276950
    },
    {
      "type": "Feature",
      "geometry": {
        "type": "Point",
        "coordinates": [
          -3.690048,
          40.452574
        ]
      },
      "properties": {
        "title": "P.º de la Castellana, 16, Chamartín, 28046 Madrid, Espagne",
        "group": 2002185284
      },
      "id": 2326677356
    },
    {
      "type": "Feature",
      "geometry": {
        "type": "Point",
        "coordinates": [
          -3.693046,
          40.446533
        ]
      },
      "properties": {
        "title": "Torre Titania, C. de Raimundo Fernández Villaverde, 79, Tetuán, 28003 Madrid, Espagne",
        "group": 2002185284
      },
      "id": 2364151773
    },
    {
      "type": "Feature",
      "geometry": {
        "type": "LineString",
        "coordinates": [
          [
            -3.710874,
            40.423449
          ],
          [
            -3.701089,
            40.426242
          ],
          [
            -3.69598,
            40.427404
          ],
          [
            -3.691212,
            40.437995
          ],
          [
            -3.6917,
            40.445842
          ],
          [
            -3.690722,
            40.452372
          ]
        ]
      },
      "properties": {
        "title": "L10",
        "group": 2002185284
      },
      "id": 2530198303
    },
    {
      "type": "Feature",
      "geometry": {
        "type": "LineString",
        "coordinates": [
          [
            -3.72032,
            40.42076
          ],
          [
            -3.72033,
            40.42076
          ],
          [
            -3.7203,
            40.42073
          ],
          [
            -3.72024,
            40.42068
          ],
          [
            -3.72022,
            40.42066
          ],
          [
            -3.72019,
            40.42063
          ],
          [
            -3.72015,
            40.42058
          ],
          [
            -3.72013,
            40.42053
          ],
          [
            -3.72009,
            40.42051
          ],
          [
            -3.72006,
            40.42048
          ],
          [
            -3.72002,
            40.42045
          ],
          [
            -3.71995,
            40.42044
          ],
          [
            -3.71979,
            40.42042
          ],
          [
            -3.71968,
            40.4204
          ],
          [
            -3.71962,
            40.4204
          ],
          [
            -3.71956,
            40.4204
          ],
          [
            -3.71953,
            40.4204
          ],
          [
            -3.71932,
            40.4204
          ],
          [
            -3.7192,
            40.42041
          ],
          [
            -3.71861,
            40.42042
          ],
          [
            -3.71837,
            40.42043
          ],
          [
            -3.71825,
            40.42043
          ],
          [
            -3.71823,
            40.42043
          ],
          [
            -3.71822,
            40.42044
          ],
          [
            -3.71819,
            40.42044
          ],
          [
            -3.71813,
            40.42045
          ],
          [
            -3.71816,
            40.42042
          ],
          [
            -3.71801,
            40.42042
          ],
          [
            -3.71801,
            40.42056
          ],
          [
            -3.71801,
            40.42062
          ],
          [
            -3.71801,
            40.42074
          ],
          [
            -3.71801,
            40.42092
          ],
          [
            -3.71801,
            40.42106
          ],
          [
            -3.71801,
            40.42109
          ],
          [
            -3.718,
            40.42112
          ],
          [
            -3.71798,
            40.42114
          ],
          [
            -3.71797,
            40.42116
          ],
          [
            -3.71795,
            40.42118
          ],
          [
            -3.71792,
            40.42119
          ],
          [
            -3.7179,
            40.4212
          ],
          [
            -3.71791,
            40.42122
          ],
          [
            -3.71786,
            40.42126
          ],
          [
            -3.7178,
            40.42132
          ],
          [
            -3.71748,
            40.42171
          ],
          [
            -3.71746,
            40.42174
          ],
          [
            -3.71724,
            40.422
          ],
          [
            -3.71715,
            40.42207
          ],
          [
            -3.71713,
            40.42205
          ],
          [
            -3.7171,
            40.42203
          ],
          [
            -3.71706,
            40.42201
          ],
          [
            -3.71702,
            40.42199
          ],
          [
            -3.71697,
            40.42197
          ],
          [
            -3.7169,
            40.42196
          ],
          [
            -3.71686,
            40.42195
          ],
          [
            -3.71681,
            40.42194
          ],
          [
            -3.71675,
            40.42193
          ],
          [
            -3.71668,
            40.42193
          ],
          [
            -3.71664,
            40.42193
          ],
          [
            -3.7166,
            40.42193
          ],
          [
            -3.71653,
            40.42194
          ],
          [
            -3.71649,
            40.42195
          ],
          [
            -3.71645,
            40.42196
          ],
          [
            -3.71633,
            40.42206
          ],
          [
            -3.71628,
            40.4221
          ],
          [
            -3.71627,
            40.42214
          ],
          [
            -3.71627,
            40.42215
          ],
          [
            -3.71626,
            40.42215
          ],
          [
            -3.71626,
            40.42218
          ],
          [
            -3.71622,
            40.42227
          ],
          [
            -3.7162,
            40.42232
          ],
          [
            -3.71615,
            40.42246
          ],
          [
            -3.71618,
            40.42247
          ],
          [
            -3.71621,
            40.42245
          ],
          [
            -3.71627,
            40.42242
          ],
          [
            -3.71631,
            40.4224
          ],
          [
            -3.71634,
            40.42239
          ],
          [
            -3.71638,
            40.42238
          ],
          [
            -3.71639,
            40.42237
          ],
          [
            -3.71646,
            40.42235
          ],
          [
            -3.71648,
            40.42234
          ],
          [
            -3.7165,
            40.42234
          ],
          [
            -3.71652,
            40.42233
          ],
          [
            -3.71655,
            40.42233
          ],
          [
            -3.71658,
            40.42233
          ],
          [
            -3.71659,
            40.42234
          ],
          [
            -3.71663,
            40.42234
          ],
          [
            -3.71666,
            40.42236
          ],
          [
            -3.71668,
            40.42237
          ],
          [
            -3.71671,
            40.42239
          ],
          [
            -3.71672,
            40.42242
          ],
          [
            -3.71666,
            40.42243
          ],
          [
            -3.7166,
            40.42245
          ],
          [
            -3.71657,
            40.42247
          ],
          [
            -3.71654,
            40.42249
          ],
          [
            -3.71661,
            40.42256
          ],
          [
            -3.71672,
            40.42271
          ],
          [
            -3.71683,
            40.42287
          ],
          [
            -3.71689,
            40.42285
          ],
          [
            -3.71696,
            40.42285
          ],
          [
            -3.71705,
            40.42287
          ],
          [
            -3.71716,
            40.42293
          ],
          [
            -3.71713,
            40.4231
          ],
          [
            -3.71713,
            40.42329
          ],
          [
            -3.71712,
            40.4234
          ],
          [
            -3.71712,
            40.42345
          ],
          [
            -3.71717,
            40.42346
          ],
          [
            -3.7172,
            40.4235
          ],
          [
            -3.71723,
            40.42354
          ],
          [
            -3.71746,
            40.42387
          ],
          [
            -3.71752,
            40.42386
          ],
          [
            -3.7176,
            40.42385
          ],
          [
            -3.71797,
            40.42384
          ],
          [
            -3.71809,
            40.42418
          ],
          [
            -3.71772,
            40.42428
          ],
          [
            -3.71765,
            40.4243
          ],
          [
            -3.71749,
            40.42433
          ],
          [
            -3.71715,
            40.42441
          ],
          [
            -3.71692,
            40.42447
          ],
          [
            -3.71675,
            40.42451
          ],
          [
            -3.71666,
            40.42416
          ],
          [
            -3.71661,
            40.42396
          ],
          [
            -3.71658,
            40.42389
          ],
          [
            -3.71655,
            40.42383
          ],
          [
            -3.71652,
            40.42378
          ],
          [
            -3.7165,
            40.42371
          ],
          [
            -3.71649,
            40.42363
          ],
          [
            -3.71648,
            40.42356
          ],
          [
            -3.71648,
            40.42352
          ],
          [
            -3.71636,
            40.42351
          ],
          [
            -3.71616,
            40.42348
          ],
          [
            -3.71614,
            40.42345
          ],
          [
            -3.71606,
            40.42344
          ],
          [
            -3.7156,
            40.42322
          ],
          [
            -3.71541,
            40.42308
          ],
          [
            -3.71533,
            40.42307
          ],
          [
            -3.7153,
            40.42306
          ],
          [
            -3.71526,
            40.42305
          ],
          [
            -3.71516,
            40.42299
          ],
          [
            -3.71499,
            40.42289
          ],
          [
            -3.71495,
            40.42296
          ],
          [
            -3.7149,
            40.42295
          ],
          [
            -3.71482,
            40.42294
          ],
          [
            -3.71472,
            40.42293
          ],
          [
            -3.71464,
            40.42292
          ],
          [
            -3.71456,
            40.42291
          ],
          [
            -3.71447,
            40.42289
          ],
          [
            -3.71443,
            40.42288
          ],
          [
            -3.71437,
            40.42286
          ],
          [
            -3.71433,
            40.42283
          ],
          [
            -3.71423,
            40.42284
          ],
          [
            -3.71399,
            40.42284
          ],
          [
            -3.71391,
            40.42284
          ],
          [
            -3.71381,
            40.42285
          ],
          [
            -3.71362,
            40.42286
          ],
          [
            -3.71352,
            40.42287
          ],
          [
            -3.71344,
            40.42287
          ],
          [
            -3.71338,
            40.42288
          ],
          [
            -3.7133,
            40.42288
          ],
          [
            -3.71311,
            40.4229
          ],
          [
            -3.71304,
            40.42292
          ],
          [
            -3.71294,
            40.42293
          ],
          [
            -3.71285,
            40.42296
          ],
          [
            -3.71264,
            40.42301
          ],
          [
            -3.71255,
            40.42303
          ],
          [
            -3.71242,
            40.42307
          ],
          [
            -3.71227,
            40.42312
          ],
          [
            -3.71223,
            40.42313
          ],
          [
            -3.71213,
            40.42313
          ],
          [
            -3.71203,
            40.42315
          ],
          [
            -3.71196,
            40.42317
          ],
          [
            -3.7119,
            40.4232
          ],
          [
            -3.71176,
            40.42312
          ],
          [
            -3.71164,
            40.42319
          ],
          [
            -3.71118,
            40.42344
          ],
          [
            -3.71113,
            40.42339
          ],
          [
            -3.71112,
            40.4234
          ],
          [
            -3.71092,
            40.42327
          ],
          [
            -3.71084,
            40.42325
          ],
          [
            -3.71045,
            40.423
          ],
          [
            -3.71034,
            40.42293
          ],
          [
            -3.71028,
            40.4229
          ],
          [
            -3.7102,
            40.42286
          ],
          [
            -3.70937,
            40.42234
          ],
          [
            -3.70928,
            40.42231
          ],
          [
            -3.70926,
            40.4223
          ],
          [
            -3.70915,
            40.42224
          ],
          [
            -3.70868,
            40.42192
          ],
          [
            -3.70857,
            40.42183
          ],
          [
            -3.70823,
            40.42161
          ],
          [
            -3.70817,
            40.42157
          ],
          [
            -3.70808,
            40.42151
          ]
        ]
      },
      "properties": {
        "title": "Itinéraire de Príncipe Pío, Cta. de San Vicente, Moncloa - Aravaca, 28008 Madrid, Espagne à Av. de José Antonio, 53, Centro, 28013 Madrid, Espagne",
        "group": 2423657990,
        "stroke": "#1267ff",
        "stroke-width": 5
      },
      "id": 1446656782
    },
    {
      "type": "Feature",
      "geometry": {
        "type": "Point",
        "coordinates": [
          -3.720324,
          40.420758
        ]
      },
      "properties": {
        "title": "Príncipe Pío, Cta. de San Vicente, Moncloa - Aravaca, 28008 Madrid, Espagne",
        "group": 2423657990
      },
      "id": 2600239521
    },
    {
      "type": "Feature",
      "geometry": {
        "type": "Point",
        "coordinates": [
          -3.708078,
          40.421513
        ]
      },
      "properties": {
        "title": "Av. de José Antonio, 53, Centro, 28013 Madrid, Espagne",
        "group": 2423657990
      },
      "id": 2245010974
    },
    {
      "type": "Feature",
      "geometry": {
        "type": "LineString",
        "coordinates": [
          [
            -3.71119,
            40.40668
          ],
          [
            -3.7108,
            40.40661
          ],
          [
            -3.71019,
            40.4065
          ],
          [
            -3.70989,
            40.40644
          ],
          [
            -3.70973,
            40.40641
          ],
          [
            -3.70959,
            40.40638
          ],
          [
            -3.70955,
            40.40641
          ],
          [
            -3.70951,
            40.4064
          ],
          [
            -3.70944,
            40.40637
          ],
          [
            -3.7094,
            40.40636
          ],
          [
            -3.70943,
            40.40634
          ],
          [
            -3.70936,
            40.40634
          ],
          [
            -3.70933,
            40.40633
          ],
          [
            -3.70919,
            40.40631
          ],
          [
            -3.7091,
            40.4063
          ],
          [
            -3.70897,
            40.40628
          ],
          [
            -3.70889,
            40.40626
          ],
          [
            -3.70883,
            40.40625
          ],
          [
            -3.70868,
            40.40622
          ],
          [
            -3.70866,
            40.40622
          ],
          [
            -3.70841,
            40.40617
          ],
          [
            -3.70827,
            40.40614
          ],
          [
            -3.70821,
            40.40613
          ],
          [
            -3.70809,
            40.4061
          ],
          [
            -3.70801,
            40.40609
          ],
          [
            -3.70801,
            40.40612
          ],
          [
            -3.70799,
            40.40612
          ],
          [
            -3.70795,
            40.40612
          ],
          [
            -3.70794,
            40.40607
          ],
          [
            -3.70791,
            40.40607
          ],
          [
            -3.70769,
            40.40603
          ],
          [
            -3.70765,
            40.40602
          ],
          [
            -3.70752,
            40.406
          ],
          [
            -3.70722,
            40.40594
          ],
          [
            -3.70723,
            40.406
          ],
          [
            -3.70718,
            40.406
          ],
          [
            -3.70706,
            40.40601
          ],
          [
            -3.70707,
            40.4061
          ],
          [
            -3.70698,
            40.40613
          ],
          [
            -3.70701,
            40.40618
          ],
          [
            -3.70713,
            40.40614
          ],
          [
            -3.70721,
            40.40682
          ],
          [
            -3.70723,
            40.40696
          ],
          [
            -3.70709,
            40.40699
          ],
          [
            -3.7071,
            40.40702
          ],
          [
            -3.70712,
            40.40707
          ],
          [
            -3.70723,
            40.40704
          ],
          [
            -3.70724,
            40.40716
          ],
          [
            -3.70722,
            40.40728
          ],
          [
            -3.70726,
            40.40771
          ],
          [
            -3.70728,
            40.40782
          ],
          [
            -3.70729,
            40.40794
          ],
          [
            -3.70726,
            40.40794
          ],
          [
            -3.70726,
            40.40795
          ],
          [
            -3.70726,
            40.408
          ],
          [
            -3.70728,
            40.408
          ],
          [
            -3.70727,
            40.40815
          ],
          [
            -3.70726,
            40.40851
          ],
          [
            -3.70724,
            40.40851
          ],
          [
            -3.70724,
            40.40855
          ],
          [
            -3.70724,
            40.40871
          ],
          [
            -3.70723,
            40.40908
          ],
          [
            -3.70722,
            40.40908
          ],
          [
            -3.70722,
            40.40912
          ],
          [
            -3.70723,
            40.40912
          ],
          [
            -3.70723,
            40.40922
          ],
          [
            -3.70722,
            40.40935
          ],
          [
            -3.70722,
            40.40939
          ],
          [
            -3.70722,
            40.40957
          ],
          [
            -3.70722,
            40.40965
          ],
          [
            -3.70721,
            40.40976
          ],
          [
            -3.7072,
            40.40982
          ],
          [
            -3.70721,
            40.40987
          ],
          [
            -3.70722,
            40.40991
          ],
          [
            -3.70724,
            40.40995
          ],
          [
            -3.70729,
            40.41
          ],
          [
            -3.7073,
            40.41002
          ],
          [
            -3.70731,
            40.41018
          ],
          [
            -3.70731,
            40.41026
          ],
          [
            -3.70731,
            40.41033
          ],
          [
            -3.70731,
            40.41041
          ],
          [
            -3.70733,
            40.41068
          ],
          [
            -3.70732,
            40.41072
          ],
          [
            -3.70742,
            40.41072
          ],
          [
            -3.70745,
            40.41072
          ],
          [
            -3.70745,
            40.41075
          ],
          [
            -3.70774,
            40.41086
          ],
          [
            -3.70802,
            40.41097
          ],
          [
            -3.70816,
            40.41102
          ],
          [
            -3.70818,
            40.41103
          ],
          [
            -3.70833,
            40.41109
          ],
          [
            -3.70837,
            40.41113
          ],
          [
            -3.7084,
            40.41115
          ],
          [
            -3.70846,
            40.41109
          ],
          [
            -3.70849,
            40.41106
          ],
          [
            -3.7086,
            40.41112
          ],
          [
            -3.70857,
            40.41115
          ],
          [
            -3.70852,
            40.41119
          ]
        ]
      },
      "properties": {
        "title": "Itinéraire de 45 - Puerta de Toledo, Centro, 28005 Madrid, Espagne à La Latina, Centro, 28005 Madrid, Espagne",
        "group": 2423657990,
        "stroke": "#1267ff",
        "stroke-width": 5
      },
      "id": 3193533304
    },
    {
      "type": "Feature",
      "geometry": {
        "type": "Point",
        "coordinates": [
          -3.711192,
          40.406679
        ]
      },
      "properties": {
        "title": "45 - Puerta de Toledo, Centro, 28005 Madrid, Espagne",
        "group": 2423657990
      },
      "id": 1297748177
    },
    {
      "type": "Feature",
      "geometry": {
        "type": "Point",
        "coordinates": [
          -3.708525,
          40.411191
        ]
      },
      "properties": {
        "title": "La Latina, Centro, 28005 Madrid, Espagne",
        "group": 2423657990
      },
      "id": 1770637668
    },
    {
      "type": "Feature",
      "geometry": {
        "type": "LineString",
        "coordinates": [
          [
            -3.70136,
            40.42
          ],
          [
            -3.70139,
            40.41996
          ],
          [
            -3.7014,
            40.41994
          ],
          [
            -3.70132,
            40.41994
          ],
          [
            -3.70126,
            40.41994
          ],
          [
            -3.70111,
            40.41993
          ],
          [
            -3.70063,
            40.41988
          ],
          [
            -3.70048,
            40.41986
          ],
          [
            -3.70044,
            40.41985
          ],
          [
            -3.70035,
            40.41984
          ],
          [
            -3.70027,
            40.41982
          ],
          [
            -3.70023,
            40.41981
          ],
          [
            -3.70019,
            40.41981
          ],
          [
            -3.70006,
            40.41978
          ],
          [
            -3.6999,
            40.41974
          ],
          [
            -3.69977,
            40.41971
          ],
          [
            -3.69973,
            40.41969
          ],
          [
            -3.69973,
            40.41966
          ],
          [
            -3.69964,
            40.41963
          ],
          [
            -3.69963,
            40.41966
          ],
          [
            -3.69949,
            40.41961
          ],
          [
            -3.69926,
            40.41955
          ],
          [
            -3.699,
            40.41947
          ],
          [
            -3.69876,
            40.41941
          ],
          [
            -3.6986,
            40.41936
          ],
          [
            -3.69831,
            40.41927
          ],
          [
            -3.69817,
            40.41922
          ],
          [
            -3.69807,
            40.41919
          ],
          [
            -3.69791,
            40.41915
          ],
          [
            -3.69778,
            40.41911
          ],
          [
            -3.6976,
            40.41906
          ],
          [
            -3.6976,
            40.41905
          ],
          [
            -3.69755,
            40.41903
          ],
          [
            -3.69753,
            40.41902
          ],
          [
            -3.69753,
            40.41903
          ],
          [
            -3.69736,
            40.41899
          ],
          [
            -3.69723,
            40.41895
          ],
          [
            -3.69705,
            40.41894
          ],
          [
            -3.69699,
            40.4189
          ],
          [
            -3.69693,
            40.41889
          ],
          [
            -3.69683,
            40.41888
          ],
          [
            -3.69679,
            40.41887
          ],
          [
            -3.69664,
            40.4188
          ],
          [
            -3.69652,
            40.41875
          ],
          [
            -3.69649,
            40.41872
          ],
          [
            -3.69645,
            40.41864
          ],
          [
            -3.69642,
            40.41855
          ],
          [
            -3.69635,
            40.41856
          ],
          [
            -3.69637,
            40.41862
          ],
          [
            -3.69632,
            40.41863
          ],
          [
            -3.6962,
            40.41866
          ],
          [
            -3.69586,
            40.41874
          ],
          [
            -3.69584,
            40.41868
          ],
          [
            -3.69577,
            40.41869
          ],
          [
            -3.69572,
            40.4187
          ],
          [
            -3.69573,
            40.41875
          ],
          [
            -3.69562,
            40.41877
          ],
          [
            -3.69542,
            40.41878
          ],
          [
            -3.69525,
            40.41882
          ],
          [
            -3.69505,
            40.41885
          ],
          [
            -3.69504,
            40.41886
          ],
          [
            -3.69465,
            40.41893
          ],
          [
            -3.69447,
            40.41896
          ],
          [
            -3.69432,
            40.41899
          ],
          [
            -3.69421,
            40.41901
          ],
          [
            -3.69418,
            40.41902
          ],
          [
            -3.69414,
            40.41902
          ],
          [
            -3.69412,
            40.41902
          ],
          [
            -3.69406,
            40.41903
          ],
          [
            -3.69394,
            40.41904
          ],
          [
            -3.69391,
            40.41903
          ],
          [
            -3.6939,
            40.419
          ],
          [
            -3.69389,
            40.41894
          ],
          [
            -3.69392,
            40.41888
          ],
          [
            -3.69373,
            40.41886
          ],
          [
            -3.69377,
            40.41877
          ],
          [
            -3.69374,
            40.41876
          ],
          [
            -3.69383,
            40.4184
          ],
          [
            -3.69392,
            40.41807
          ],
          [
            -3.69402,
            40.4177
          ],
          [
            -3.69407,
            40.41746
          ],
          [
            -3.69405,
            40.41739
          ],
          [
            -3.69412,
            40.41708
          ],
          [
            -3.69414,
            40.41701
          ],
          [
            -3.69414,
            40.41699
          ],
          [
            -3.69417,
            40.4169
          ],
          [
            -3.69419,
            40.41681
          ],
          [
            -3.69425,
            40.41653
          ],
          [
            -3.69426,
            40.41645
          ],
          [
            -3.69428,
            40.41634
          ],
          [
            -3.69431,
            40.41619
          ],
          [
            -3.69433,
            40.41609
          ],
          [
            -3.69432,
            40.41607
          ],
          [
            -3.69425,
            40.41606
          ],
          [
            -3.69429,
            40.4159
          ],
          [
            -3.69431,
            40.41578
          ],
          [
            -3.69436,
            40.41577
          ],
          [
            -3.69453,
            40.41572
          ],
          [
            -3.69453,
            40.4157
          ],
          [
            -3.6947,
            40.41573
          ],
          [
            -3.69469,
            40.41559
          ],
          [
            -3.69466,
            40.41551
          ],
          [
            -3.69494,
            40.41557
          ],
          [
            -3.69513,
            40.41561
          ],
          [
            -3.6952,
            40.41563
          ],
          [
            -3.6958,
            40.41579
          ],
          [
            -3.69606,
            40.41583
          ],
          [
            -3.69597,
            40.41581
          ],
          [
            -3.6961,
            40.41574
          ],
          [
            -3.69616,
            40.41572
          ],
          [
            -3.69621,
            40.4157
          ],
          [
            -3.69639,
            40.41565
          ],
          [
            -3.69648,
            40.41561
          ],
          [
            -3.69685,
            40.4155
          ],
          [
            -3.6969,
            40.41548
          ],
          [
            -3.69688,
            40.41542
          ],
          [
            -3.69696,
            40.4154
          ],
          [
            -3.69721,
            40.41532
          ],
          [
            -3.69743,
            40.41525
          ],
          [
            -3.6978,
            40.41513
          ],
          [
            -3.69789,
            40.41509
          ],
          [
            -3.69811,
            40.41502
          ],
          [
            -3.69833,
            40.41495
          ],
          [
            -3.69842,
            40.41494
          ],
          [
            -3.69851,
            40.41491
          ],
          [
            -3.69856,
            40.41488
          ],
          [
            -3.69877,
            40.41481
          ],
          [
            -3.69879,
            40.4148
          ],
          [
            -3.6989,
            40.41477
          ],
          [
            -3.69915,
            40.41471
          ],
          [
            -3.69955,
            40.41463
          ],
          [
            -3.70016,
            40.41453
          ],
          [
            -3.7002,
            40.41452
          ],
          [
            -3.70037,
            40.41449
          ],
          [
            -3.70045,
            40.41448
          ],
          [
            -3.7007,
            40.41446
          ],
          [
            -3.70132,
            40.4144
          ],
          [
            -3.70134,
            40.41444
          ],
          [
            -3.70132,
            40.41467
          ],
          [
            -3.70133,
            40.4148
          ],
          [
            -3.70135,
            40.41487
          ],
          [
            -3.70135,
            40.41488
          ],
          [
            -3.70138,
            40.41495
          ],
          [
            -3.70137,
            40.41507
          ],
          [
            -3.70186,
            40.41512
          ],
          [
            -3.7021,
            40.41514
          ],
          [
            -3.70225,
            40.41516
          ],
          [
            -3.70233,
            40.41518
          ],
          [
            -3.70233,
            40.41527
          ],
          [
            -3.70233,
            40.41542
          ],
          [
            -3.70232,
            40.4156
          ],
          [
            -3.70232,
            40.41578
          ],
          [
            -3.70229,
            40.41613
          ],
          [
            -3.70228,
            40.41645
          ],
          [
            -3.70227,
            40.41669
          ],
          [
            -3.70229,
            40.41672
          ],
          [
            -3.70235,
            40.41677
          ],
          [
            -3.70238,
            40.41704
          ],
          [
            -3.70265,
            40.41702
          ],
          [
            -3.70267,
            40.41703
          ],
          [
            -3.70268,
            40.41704
          ],
          [
            -3.70289,
            40.41713
          ],
          [
            -3.70307,
            40.41717
          ],
          [
            -3.70311,
            40.41718
          ],
          [
            -3.70318,
            40.41719
          ],
          [
            -3.70327,
            40.4172
          ],
          [
            -3.70337,
            40.41721
          ],
          [
            -3.70345,
            40.4172
          ],
          [
            -3.70355,
            40.4172
          ],
          [
            -3.70364,
            40.41719
          ],
          [
            -3.7037,
            40.41718
          ],
          [
            -3.70375,
            40.41717
          ],
          [
            -3.7038,
            40.41716
          ],
          [
            -3.70386,
            40.41715
          ],
          [
            -3.70393,
            40.41713
          ],
          [
            -3.70402,
            40.41709
          ],
          [
            -3.70408,
            40.41707
          ],
          [
            -3.70425,
            40.41697
          ],
          [
            -3.70441,
            40.41686
          ],
          [
            -3.7045,
            40.41684
          ],
          [
            -3.70461,
            40.41684
          ],
          [
            -3.70552,
            40.41701
          ],
          [
            -3.70589,
            40.4171
          ],
          [
            -3.7059,
            40.41714
          ],
          [
            -3.70594,
            40.41715
          ],
          [
            -3.70606,
            40.41714
          ],
          [
            -3.70664,
            40.41727
          ],
          [
            -3.70708,
            40.41738
          ],
          [
            -3.7072,
            40.41741
          ],
          [
            -3.70742,
            40.41748
          ],
          [
            -3.70773,
            40.41757
          ],
          [
            -3.70781,
            40.41759
          ],
          [
            -3.70797,
            40.41764
          ],
          [
            -3.70818,
            40.4177
          ],
          [
            -3.70829,
            40.41773
          ],
          [
            -3.70837,
            40.41776
          ],
          [
            -3.70842,
            40.41776
          ],
          [
            -3.70848,
            40.41778
          ],
          [
            -3.7086,
            40.4178
          ],
          [
            -3.70874,
            40.41783
          ],
          [
            -3.70883,
            40.41785
          ],
          [
            -3.70905,
            40.41786
          ],
          [
            -3.70921,
            40.4179
          ],
          [
            -3.7094,
            40.41791
          ],
          [
            -3.70939,
            40.41793
          ],
          [
            -3.70938,
            40.41796
          ],
          [
            -3.70937,
            40.41798
          ],
          [
            -3.70936,
            40.41801
          ]
        ]
      },
      "properties": {
        "title": "Itinéraire de Gran Vía, 21, Centro, Centro, 28013 Madrid, Espagne à Ópera, Centro, 28013 Madrid, Espagne",
        "group": 2423657990,
        "stroke": "#1267ff",
        "stroke-width": 5
      },
      "id": 3767914550
    },
    {
      "type": "Feature",
      "geometry": {
        "type": "Point",
        "coordinates": [
          -3.701363,
          40.419997
        ]
      },
      "properties": {
        "title": "Gran Vía, 21, Centro, Centro, 28013 Madrid, Espagne",
        "group": 2423657990
      },
      "id": 2573154585
    },
    {
      "type": "Feature",
      "geometry": {
        "type": "Point",
        "coordinates": [
          -3.709362,
          40.418015
        ]
      },
      "properties": {
        "title": "Ópera, Centro, 28013 Madrid, Espagne",
        "group": 2423657990
      },
      "id": 67907335
    },
    {
      "type": "Feature",
      "geometry": {
        "type": "LineString",
        "coordinates": [
          [
            -3.708311,
            40.411289
          ],
          [
            -3.709416,
            40.417989
          ],
          [
            -3.705915,
            40.420292
          ],
          [
            -3.70162,
            40.419914
          ]
        ]
      },
      "properties": {
        "title": "L5",
        "group": 2423657990
      },
      "id": 2639286060
    },
    {
      "type": "Feature",
      "geometry": {
        "type": "LineString",
        "coordinates": [
          [
            -3.709416,
            40.417989
          ],
          [
            -3.719333,
            40.420966
          ]
        ]
      },
      "properties": {
        "title": "LR",
        "group": 2423657990
      },
      "id": 2907001189
    }
  ],
  "groups": [
    {
      "title": "L'essentiel de Madrid en une journée",
      "id": 3535913214,
      "routeId": "essentiel-madrid-une-journee",
      "visible": false
    },
    {
      "title": "Week-end prolongé à Madrid - Vendredi",
      "id": 1509223971,
      "routeId": "weekend-prolonge-vendredi",
      "visible": false
    },
    {
      "title": "Week-end prolongé à Madrid - Samedi",
      "id": 2002185284,
      "routeId": "weekend-prolonge-samedi",
      "visible": false
    },
    {
      "title": "Week-end prolongé à Madrid - Dimanche",
      "id": 2423657990,
      "routeId": "weekend-prolonge-dimanche",
      "visible": false
    },
    {
      "title": "Au cœur de Madrid",
      "id": 4100000001,
      "routeId": "coeur-de-madrid",
      "visible": false
    },
    {
      "title": "Madrid royal",
      "id": 4100000002,
      "routeId": "madrid-royal",
      "visible": false
    },
    {
      "title": "Madrid panoramique",
      "id": 4100000003,
      "routeId": "madrid-panoramique-ouest",
      "visible": false
    },
    {
      "title": "Madrid authentique",
      "id": 4100000004,
      "routeId": "madrid-authentique",
      "visible": false
    },
    {
      "title": "Madrid tendance",
      "id": 4100000005,
      "routeId": "madrid-tendance",
      "visible": false
    },
    {
      "title": "Madrid culturel",
      "id": 4100000006,
      "routeId": "madrid-culturel",
      "visible": false
    },
    {
      "title": "Madrid culturel - Trésors méconnus",
      "id": 4100000007,
      "routeId": "tresors-meconnus-paseo-del-arte",
      "visible": false
    },
    {
      "title": "Madrid moderne",
      "id": 4100000008,
      "routeId": "madrid-moderne",
      "visible": false
    },
    {
      "title": "Madrid élégant",
      "id": 4100000009,
      "routeId": "madrid-elegant",
      "visible": false
    },
    {
      "title": "Madrid classique",
      "id": 4100000010,
      "routeId": "madrid-classique",
      "visible": false
    }
  ]
}